commodity,variety,market,district,state,date,modal_price,min_price,max_price,arrivals,volume_lakhs,adtv,unit,year,month,day,day_of_week,day_of_year,week_of_year,quarter,is_weekend,month_name,season,is_soybean_harvest,is_mustard_harvest,is_groundnut_harvest,is_diwali_season,is_holi_season,is_pongal_season,price_spread,price_spread_pct,is_high_volatility,price_lag_1d,arrivals_lag_1d,price_lag_7d,arrivals_lag_7d,price_lag_30d,arrivals_lag_30d,price_ma_7d,price_std_7d,price_min_7d,price_max_7d,arrivals_ma_7d,price_ma_14d,price_std_14d,price_min_14d,price_max_14d,arrivals_ma_14d,price_ma_30d,price_std_30d,price_min_30d,price_max_30d,arrivals_ma_30d,price_change_1d,price_change_pct_1d,price_change_7d,price_change_pct_7d,price_change_30d,price_change_pct_30d,arrivals_change_1d,arrivals_change_7d,is_uptrend,is_downtrend,price_momentum,price_yoy,price_yoy_pct,arrivals_normalized,is_high_arrivals
Groundnut Oil,Filtered,Rajkot,Rajkot,Gujarat,2020-06-01,76312.61,71733.85,80891.37,595.0,454.06,38.25,Quintal,2020,6,1,0,153,23,2,0,June,Monsoon,0,0,0,0,0,0,9157.51999999999,12.0,1,,,,,,,76312.61,,76312.61,76312.61,595.0,76312.61,,76312.61,76312.61,595.0,76312.61,,76312.61,76312.61,595.0,,,,,,,,,0,0,0.0,,,1.35,1
Groundnut Oil,Filtered,Rajkot,Rajkot,Gujarat,2020-07-01,75225.81,70712.26,79739.36,93.0,69.96,3.92,Quintal,2020,7,1,2,183,27,3,0,July,Monsoon,0,0,0,0,0,0,9027.100000000006,12.0,1,76312.61,595.0,,,,,75769.21,768.48,75225.81,76312.61,344.0,75769.21,768.48,75225.81,76312.61,344.0,75769.21,768.48,75225.81,76312.61,344.0,-1086.8,-1.42,,,,,-502.0,,0,0,-543.4,,,-0.37,0
Groundnut Oil,Filtered,Rajkot,Rajkot,Gujarat,2020-08-01,92428.57,86882.86,97974.28,7.0,6.47,0.25,Quintal,2020,8,1,5,214,31,3,1,August,Monsoon,0,0,0,0,0,0,11091.419999999998,12.0,1,75225.81,93.0,,,,,81322.33,9633.62,75225.81,92428.57,231.67,81322.33,9633.62,75225.81,92428.57,231.67,81322.33,9633.62,75225.81,92428.57,231.67,17202.76,22.87,,,,,-86.0,,0,0,11106.24,,,-0.67,0
Groundnut Oil,Filtered,Rajkot,Rajkot,Gujarat,2020-12-01,29555.56,27782.23,31328.89,9.0,2.66,0.25,Quintal,2020,12,1,1,336,49,4,0,December,Winter,1,0,0,0,0,0,3546.66,12.0,1,92428.57,7.0,,,,,68380.64,27052.19,29555.56,92428.57,176.0,68380.64,27052.19,29555.56,92428.57,176.0,68380.64,27052.19,29555.56,92428.57,176.0,-62873.01,-68.02,,,,,2.0,,0,0,-38825.08,,,-0.66,0
Groundnut Oil,Filtered,Rajkot,Rajkot,Gujarat,2021-01-01,89900.0,84506.0,95294.0,10.0,8.99,0.48,Quintal,2021,1,1,4,1,53,1,0,January,Winter,0,0,0,0,0,1,10788.0,12.0,1,29555.56,9.0,,,,,72684.51,25327.5,29555.56,92428.57,142.8,72684.51,25327.5,29555.56,92428.57,142.8,72684.51,25327.5,29555.56,92428.57,142.8,60344.44,204.17,,,,,1.0,,0,0,17215.49,,,-0.66,0
Groundnut Oil,Filtered,Rajkot,Rajkot,Gujarat,2021-06-01,78442.88,73736.31,83149.45,709.0,556.16,38.46,Quintal,2021,6,1,1,152,22,2,0,June,Monsoon,0,0,0,0,0,0,9413.14,12.0,1,89900.0,10.0,,,,,73644.24,22775.25,29555.56,92428.57,237.17,73644.24,22775.25,29555.56,92428.57,237.17,73644.24,22775.25,29555.56,92428.57,237.17,-11457.12,-12.74,,,,,699.0,,0,0,4798.64,,,1.74,1
Groundnut Oil,Filtered,Rajkot,Rajkot,Gujarat,2021-07-01,107771.43,101305.14,114237.72,70.0,75.44,3.36,Quintal,2021,7,1,3,182,26,3,0,July,Monsoon,0,0,0,0,0,0,12932.580000000002,12.0,1,78442.88,709.0,,,,,78519.55,24467.14,29555.56,107771.43,213.29,78519.55,24467.14,29555.56,107771.43,213.29,78519.55,24467.14,29555.56,107771.43,213.29,29328.55,37.39,,,,,-639.0,,0,0,29251.88,,,-0.45,0
Groundnut Oil,Filtered,Rajkot,Rajkot,Gujarat,2022-06-01,66804.14,62795.89,70812.39,725.0,484.33,46.56,Quintal,2022,6,1,2,152,22,2,0,June,Monsoon,0,0,0,0,0,0,8016.5,12.0,1,107771.43,70.0,76312.61,595.0,,,77161.2,24870.7,29555.56,107771.43,231.86,77055.12,23027.75,29555.56,107771.43,277.25,77055.12,23027.75,29555.56,107771.43,277.25,-40967.29,-38.01,-9508.47,-12.46,,,655.0,130.0,1,0,-10250.98,,,1.8,1
Groundnut Oil,Filtered,Rajkot,Rajkot,Gujarat,2022-07-01,80894.74,76041.06,85748.42,114.0,92.22,3.37,Quintal,2022,7,1,4,182,26,3,0,July,Monsoon,0,0,0,0,0,0,9707.36,12.0,1,66804.14,725.0,75225.81,93.0,,,77971.05,24889.46,29555.56,107771.43,234.86,77481.75,21578.47,29555.56,107771.43,259.11,77481.75,21578.47,29555.56,107771.43,259.11,14090.6,21.09,5668.93,7.54,,,-611.0,21.0,1,0,3412.99,,,-0.3,0
Groundnut Oil,Filtered,Rajkot,Rajkot,Gujarat,2022-11-01,103142.86,96954.29,109331.43,7.0,7.22,0.35,Quintal,2022,11,1,1,305,44,4,0,November,Post-Monsoon,1,0,1,1,0,0,12377.14,12.0,1,80894.74,114.0,92428.57,7.0,,,79501.66,26220.58,29555.56,107771.43,234.86,80047.86,21903.04,29555.56,107771.43,233.9,80047.86,21903.04,29555.56,107771.43,233.9,22248.12,27.5,10714.29,11.59,,,-107.0,0.0,0,1,23095.0,,,-0.67,0
Groundnut Oil,Filtered,Rajkot,Rajkot,Gujarat,2023-01-01,47222.22,44388.89,50055.55,9.0,4.25,0.24,Quintal,2023,1,1,6,1,52,1,1,January,Winter,0,0,0,0,0,1,5666.6600000000035,12.0,1,103142.86,7.0,29555.56,9.0,,,82025.47,20927.95,47222.22,107771.43,234.86,77063.71,23015.76,29555.56,107771.43,213.45,77063.71,23015.76,29555.56,107771.43,213.45,-55920.64,-54.22,17666.66,59.77,,,2.0,0.0,1,0,-29841.49,,,-0.66,0
Groundnut Oil,Filtered,Rajkot,Rajkot,Gujarat,2023-06-01,76331.5,71751.61,80911.39,727.0,554.93,48.95,Quintal,2023,6,1,3,152,22,2,0,June,Monsoon,0,0,0,0,0,0,9159.779999999999,12.0,1,47222.22,9.0,89900.0,10.0,,,80087.11,20704.22,47222.22,107771.43,337.29,77002.69,21945.69,29555.56,107771.43,256.25,77002.69,21945.69,29555.56,107771.43,256.25,29109.28,61.64,-13568.5,-15.09,,,718.0,717.0,1,0,-671.19,,,1.8,1
Groundnut,Bold,Rajkot,Rajkot,Gujarat,2023-06-01,70269.42,64647.87,75890.97,605.0,425.13,53.14,Quintal,2023,6,1,3,152,22,2,0,June,Monsoon,0,0,0,0,0,0,11243.099999999999,16.0,1,,,,,,,70269.42,,70269.42,70269.42,605.0,70269.42,,70269.42,70269.42,605.0,70269.42,,70269.42,70269.42,605.0,,,,,,,,,0,0,0.0,,,1.77,1
Groundnut,Bold,Rajkot,Rajkot,Gujarat,2023-07-01,70129.41,64519.06,75739.76,85.0,59.61,2.84,Quintal,2023,7,1,5,182,26,3,1,July,Monsoon,0,0,0,0,0,0,11220.699999999997,16.0,1,70269.42,605.0,,,,,70199.42,99.0,70129.41,70269.42,345.0,70199.42,99.0,70129.41,70269.42,345.0,70199.42,99.0,70129.41,70269.42,345.0,-140.01,-0.2,,,,,-520.0,,0,0,-70.01,,,-0.21,0
Groundnut Oil,Filtered,Rajkot,Rajkot,Gujarat,2023-07-01,51492.31,48402.77,54581.85,130.0,66.94,2.33,Quintal,2023,7,1,5,182,26,3,1,July,Monsoon,0,0,0,0,0,0,6179.080000000002,12.0,1,76331.5,727.0,78442.88,709.0,,,76237.03,23392.25,47222.22,107771.43,254.57,75040.36,22170.67,29555.56,107771.43,246.54,75040.36,22170.67,29555.56,107771.43,246.54,-24839.19,-32.54,-26950.57,-34.36,,,-597.0,-579.0,1,0,-23548.05,,,-0.24,0
Groundnut,Bold,Rajkot,Rajkot,Gujarat,2023-09-01,68800.0,63296.0,74304.0,5.0,3.44,0.17,Quintal,2023,9,1,4,244,35,3,0,September,Monsoon,0,0,1,0,0,0,11008.0,16.0,1,70129.41,85.0,,,,,69732.94,810.98,68800.0,70269.42,231.67,69732.94,810.98,68800.0,70269.42,231.67,69732.94,810.98,68800.0,70269.42,231.67,-1329.41,-1.9,,,,,-80.0,,0,0,-932.94,,,-0.52,0
Groundnut,Bold,Rajkot,Rajkot,Gujarat,2023-11-01,65600.0,60352.0,70848.0,5.0,3.28,0.16,Quintal,2023,11,1,2,305,44,4,0,November,Post-Monsoon,1,0,1,1,0,0,10496.0,16.0,1,68800.0,5.0,,,,,68699.71,2169.97,65600.0,70269.42,175.0,68699.71,2169.97,65600.0,70269.42,175.0,68699.71,2169.97,65600.0,70269.42,175.0,-3200.0,-4.65,,,,,0.0,,0,0,-3099.71,,,-0.52,0
Sunflower Oil,Refined,NCDEX,Mumbai,Maharashtra,2023-11-12,88856.92,84414.07,93299.77,1950.0,1732.71,1732.71,Quintal,2023,11,12,6,316,45,4,1,November,Post-Monsoon,1,0,1,1,0,0,8885.699999999997,10.0,0,,,,,,,88856.92,,88856.92,88856.92,1950.0,88856.92,,88856.92,88856.92,1950.0,88856.92,,88856.92,88856.92,1950.0,,,,,,,,,0,0,0.0,,,6.12,1
Sunflower Oil,Refined,NCDEX,Mumbai,Maharashtra,2023-11-13,88830.77,84389.23,93272.31,390.0,346.44,346.44,Quintal,2023,11,13,0,317,46,4,0,November,Post-Monsoon,1,0,1,1,0,0,8883.080000000002,10.0,0,88856.92,1950.0,,,,,88843.84,18.49,88830.77,88856.92,1170.0,88843.84,18.49,88830.77,88856.92,1170.0,88843.84,18.49,88830.77,88856.92,1170.0,-26.15,-0.03,,,,,-1560.0,,0,0,-13.07,,,0.49,1
Sunflower Oil,Refined,NCDEX,Mumbai,Maharashtra,2023-11-15,91671.32,87087.75,96254.89,1360.0,1246.73,1246.73,Quintal,2023,11,15,2,319,46,4,0,November,Post-Monsoon,1,0,1,1,0,0,9167.14,10.0,0,88830.77,390.0,,,,,89786.34,1632.5,88830.77,91671.32,1233.33,89786.34,1632.5,88830.77,91671.32,1233.33,89786.34,1632.5,88830.77,91671.32,1233.33,2840.55,3.2,,,,,970.0,,0,0,1884.98,,,3.99,1
Sunflower Oil,Refined,NCDEX,Mumbai,Maharashtra,2023-11-16,90974.15,86425.44,95522.86,735.0,668.66,668.66,Quintal,2023,11,16,3,320,46,4,0,November,Post-Monsoon,1,0,1,1,0,0,9097.419999999998,10.0,0,91671.32,1360.0,,,,,90083.29,1459.25,88830.77,91671.32,1108.75,90083.29,1459.25,88830.77,91671.32,1108.75,90083.29,1459.25,88830.77,91671.32,1108.75,-697.17,-0.76,,,,,-625.0,,0,0,890.86,,,1.73,1
Sunflower Oil,Refined,NCDEX,Mumbai,Maharashtra,2023-11-17,89920.0,85424.0,94416.0,650.0,584.48,584.48,Quintal,2023,11,17,4,321,46,4,0,November,Post-Monsoon,1,0,1,1,0,0,8992.0,10.0,0,90974.15,735.0,,,,,90050.63,1265.86,88830.77,91671.32,1017.0,90050.63,1265.86,88830.77,91671.32,1017.0,90050.63,1265.86,88830.77,91671.32,1017.0,-1054.15,-1.16,,,,,-85.0,,0,0,-130.63,,,1.43,1
Sunflower Oil,Refined,NCDEX,Mumbai,Maharashtra,2023-11-20,90516.67,85990.84,95042.5,420.0,380.17,380.17,Quintal,2023,11,20,0,324,47,4,0,November,Post-Monsoon,1,0,1,1,0,0,9051.660000000003,10.0,0,89920.0,650.0,,,,,90128.3,1148.09,88830.77,91671.32,917.5,90128.3,1148.09,88830.77,91671.32,917.5,90128.3,1148.09,88830.77,91671.32,917.5,596.67,0.66,,,,,-230.0,,0,0,388.37,,,0.59,1
Sunflower Oil,Refined,NCDEX,Mumbai,Maharashtra,2023-11-21,90539.47,86012.5,95066.44,380.0,344.05,344.05,Quintal,2023,11,21,1,325,47,4,0,November,Post-Monsoon,1,0,1,1,0,0,9053.940000000002,10.0,0,90516.67,420.0,,,,,90187.04,1059.52,88830.77,91671.32,840.71,90187.04,1059.52,88830.77,91671.32,840.71,90187.04,1059.52,88830.77,91671.32,840.71,22.8,0.03,,,,,-40.0,,0,0,352.43,,,0.45,1
Sunflower Oil,Refined,NCDEX,Mumbai,Maharashtra,2023-11-22,90791.6,86252.02,95331.18,595.0,540.21,540.21,Quintal,2023,11,22,2,326,47,4,0,November,Post-Monsoon,1,0,1,1,0,0,9079.159999999989,10.0,0,90539.47,380.0,88856.92,1950.0,,,90463.43,894.15,88830.77,91671.32,647.14,90262.61,1003.94,88830.77,91671.32,810.0,90262.61,1003.94,88830.77,91671.32,810.0,252.13,0.28,1934.68,2.18,,,215.0,-1355.0,1,0,528.99,,,1.23,1
Sunflower Oil,Refined,NCDEX,Mumbai,Maharashtra,2023-11-23,90113.4,85607.73,94619.07,485.0,437.05,437.05,Quintal,2023,11,23,3,327,47,4,0,November,Post-Monsoon,1,0,1,1,0,0,9011.340000000011,10.0,0,90791.6,595.0,88830.77,390.0,,,90646.66,580.08,89920.0,91671.32,660.71,90246.03,940.42,88830.77,91671.32,773.89,90246.03,940.42,88830.77,91671.32,773.89,-678.2,-0.75,1282.63,1.44,,,-110.0,95.0,1,0,-132.63,,,0.83,1
Sunflower Oil,Refined,NCDEX,Mumbai,Maharashtra,2023-11-24,89750.0,85262.5,94237.5,340.0,305.15,305.15,Quintal,2023,11,24,4,328,47,4,0,November,Post-Monsoon,1,0,1,1,0,0,8975.0,10.0,0,90113.4,485.0,91671.32,1360.0,,,90372.18,455.65,89750.0,90974.15,515.0,90196.43,900.4,88830.77,91671.32,730.5,90196.43,900.4,88830.77,91671.32,730.5,-363.4,-0.4,-1921.32,-2.1,,,-145.0,-1020.0,1,0,-446.43,,,0.31,1
Sunflower Oil,Refined,NCDEX,Mumbai,Maharashtra,2023-11-28,89592.42,85112.8,94072.04,660.0,591.31,591.31,Quintal,2023,11,28,1,332,48,4,0,November,Post-Monsoon,1,0,1,1,0,0,8959.23999999999,10.0,0,89750.0,340.0,90974.15,735.0,,,90174.79,450.67,89592.42,90791.6,504.29,90141.52,873.4,88830.77,91671.32,724.09,90141.52,873.4,88830.77,91671.32,724.09,-157.58,-0.18,-1381.73,-1.52,,,320.0,-75.0,1,0,-549.1,,,1.46,1
Sunflower Oil,Refined,NCDEX,Mumbai,Maharashtra,2023-11-29,89216.0,84755.2,93676.8,250.0,223.04,223.04,Quintal,2023,11,29,2,333,48,4,0,November,Post-Monsoon,1,0,1,1,0,0,8921.600000000006,10.0,0,89592.42,660.0,89920.0,650.0,,,90074.22,577.66,89216.0,90791.6,447.14,90064.39,874.56,88830.77,91671.32,684.58,90064.39,874.56,88830.77,91671.32,684.58,-376.42,-0.42,-704.0,-0.78,,,-410.0,-400.0,1,0,-848.39,,,-0.02,0
Sunflower Oil,Refined,NCDEX,Mumbai,Maharashtra,2023-11-30,88862.07,84418.97,93305.17,435.0,386.55,386.55,Quintal,2023,11,30,3,334,48,4,0,November,Post-Monsoon,1,0,1,1,0,0,8886.199999999997,10.0,0,89216.0,250.0,90516.67,420.0,,,89837.85,693.38,88862.07,90791.6,449.29,89971.91,901.29,88830.77,91671.32,665.38,89971.91,901.29,88830.77,91671.32,665.38,-353.93,-0.4,-1654.6,-1.83,,,185.0,15.0,0,1,-1109.84,,,0.65,1
Groundnut Oil,Filtered,Rajkot,Rajkot,Gujarat,2023-12-01,31875.0,29962.5,33787.5,8.0,2.55,0.24,Quintal,2023,12,1,4,335,48,4,0,December,Winter,1,0,0,0,0,0,3825.0,12.0,1,51492.31,130.0,107771.43,70.0,,,65394.68,23923.0,31875.0,103142.86,245.71,71957.12,24224.31,29555.56,107771.43,229.5,71957.12,24224.31,29555.56,107771.43,229.5,-19617.31,-38.1,-75896.43,-70.42,,,-122.0,-62.0,0,1,-40082.12,,,-0.66,0
Sunflower Oil,Refined,NCDEX,Mumbai,Maharashtra,2023-12-01,88502.82,84077.68,92927.96,710.0,628.37,628.37,Quintal,2023,12,1,4,335,48,4,0,December,Winter,1,0,0,0,0,0,8850.280000000013,10.0,0,88862.07,435.0,90539.47,380.0,,,89546.9,772.67,88502.82,90791.6,496.43,89866.97,950.78,88502.82,91671.32,668.57,89866.97,950.78,88502.82,91671.32,668.57,-359.25,-0.4,-2036.65,-2.25,,,275.0,330.0,0,1,-1364.15,,,1.64,1
Sunflower Oil,Refined,NCDEX,Mumbai,Maharashtra,2023-12-04,87828.26,83436.85,92219.67,460.0,404.01,404.01,Quintal,2023,12,4,0,338,49,4,0,December,Winter,1,0,0,0,0,0,8782.819999999992,10.0,0,88502.82,710.0,90791.6,595.0,,,89123.57,788.68,87828.26,90113.4,477.14,89793.5,1067.43,87828.26,91671.32,562.14,89731.06,1056.65,87828.26,91671.32,654.67,-674.56,-0.76,-2963.34,-3.26,,,-250.0,-135.0,0,1,-1902.8,,,0.74,1
Sunflower Oil,Refined,NCDEX,Mumbai,Maharashtra,2023-12-05,87281.36,82917.29,91645.43,590.0,514.96,514.96,Quintal,2023,12,5,1,339,49,4,0,December,Winter,1,0,0,0,0,0,8728.14,10.0,0,87828.26,460.0,90113.4,485.0,,,88718.99,912.89,87281.36,89750.0,492.14,89682.82,1241.12,87281.36,91671.32,576.43,89577.95,1190.44,87281.36,91671.32,650.62,-546.9,-0.62,-2832.04,-3.14,,,130.0,105.0,0,1,-2296.59,,,1.21,1
Sunflower Oil,Refined,NCDEX,Mumbai,Maharashtra,2023-12-06,86653.09,82320.44,90985.74,810.0,701.89,701.89,Quintal,2023,12,6,2,340,49,4,0,December,Winter,1,0,0,0,0,0,8665.300000000003,10.0,0,87281.36,590.0,89750.0,340.0,,,88276.57,1067.33,86653.09,89592.42,559.29,89324.38,1343.11,86653.09,90974.15,537.14,89405.9,1353.44,86653.09,91671.32,660.0,-628.27,-0.72,-3096.91,-3.45,,,220.0,470.0,0,1,-2752.81,,,2.0,1
Sunflower Oil,Refined,NCDEX,Mumbai,Maharashtra,2023-12-07,86245.07,81932.82,90557.32,710.0,612.34,612.34,Quintal,2023,12,7,3,341,49,4,0,December,Winter,1,0,0,0,0,0,8624.5,10.0,0,86653.09,810.0,89592.42,660.0,,,87798.38,1127.68,86245.07,89216.0,566.43,88986.59,1483.61,86245.07,90791.6,535.36,89230.3,1509.66,86245.07,91671.32,662.78,-408.02,-0.47,-3347.35,-3.74,,,-100.0,50.0,0,1,-2985.23,,,1.64,1
Sunflower Oil,Refined,NCDEX,Mumbai,Maharashtra,2023-12-08,86231.37,81919.8,90542.94,255.0,219.89,219.89,Quintal,2023,12,8,4,342,49,4,0,December,Winter,1,0,0,0,0,0,8623.14,10.0,0,86245.07,710.0,89216.0,250.0,,,87372.01,1064.84,86231.37,88862.07,567.14,88723.11,1625.81,86231.37,90791.6,507.14,89072.46,1620.44,86231.37,91671.32,641.32,-13.7,-0.02,-2984.63,-3.35,,,-455.0,5.0,0,1,-2841.09,,,-0.0,0
Sunflower Oil,Refined,NCDEX,Mumbai,Maharashtra,2023-12-11,85588.62,81309.19,89868.05,615.0,526.37,526.37,Quintal,2023,12,11,0,345,50,4,0,December,Winter,1,0,0,0,0,0,8558.86,10.0,0,86231.37,255.0,88862.07,435.0,,,86904.37,1019.21,85588.62,88502.82,592.86,88371.11,1737.28,85588.62,90791.6,521.07,88898.27,1759.11,85588.62,91671.32,640.0,-642.75,-0.75,-3273.45,-3.68,,,360.0,180.0,0,1,-3309.65,,,1.3,1
Sunflower Oil,Refined,NCDEX,Mumbai,Maharashtra,2023-12-12,85192.64,80933.01,89452.27,815.0,694.32,694.32,Quintal,2023,12,12,1,346,50,4,0,December,Winter,1,0,0,0,0,0,8519.26000000001,10.0,0,85588.62,615.0,88502.82,710.0,,,86431.49,916.73,85192.64,87828.26,607.86,87989.19,1810.12,85192.64,90791.6,552.14,88721.81,1895.69,85192.64,91671.32,648.33,-395.98,-0.46,-3310.18,-3.74,,,200.0,105.0,0,1,-3529.17,,,2.02,1
Sunflower Oil,Refined,NCDEX,Mumbai,Maharashtra,2023-12-13,84715.94,80480.14,88951.74,345.0,292.27,292.27,Quintal,2023,12,13,2,347,50,4,0,December,Winter,1,0,0,0,0,0,8471.600000000006,10.0,0,85192.64,815.0,87828.26,460.0,,,85986.87,880.4,84715.94,87281.36,591.43,87555.22,1814.87,84715.94,90113.4,534.29,88539.73,2037.63,84715.94,91671.32,634.55,-476.7,-0.56,-3112.32,-3.54,,,-470.0,-115.0,0,1,-3823.79,,,0.32,1
Sunflower Oil,Refined,NCDEX,Mumbai,Maharashtra,2023-12-14,84322.58,80106.45,88538.71,310.0,261.4,261.4,Quintal,2023,12,14,3,348,50,4,0,December,Winter,1,0,0,0,0,0,8432.26000000001,10.0,0,84715.94,345.0,87281.36,590.0,,,85564.19,865.47,84322.58,86653.09,551.43,87141.59,1846.6,84322.58,89750.0,521.79,88356.37,2176.33,84322.58,91671.32,620.43,-393.36,-0.46,-2958.78,-3.39,,,-35.0,-280.0,0,1,-4033.79,,,0.2,1
Sunflower Oil,Refined,NCDEX,Mumbai,Maharashtra,2023-12-15,83787.65,79598.27,87977.03,405.0,339.34,339.34,Quintal,2023,12,15,4,349,50,4,0,December,Winter,1,0,0,0,0,0,8378.759999999995,10.0,0,84322.58,310.0,86653.09,810.0,,,85154.84,939.11,83787.65,86245.07,493.57,86715.71,1885.88,83787.65,89592.42,526.43,88166.01,2323.84,83787.65,91671.32,611.46,-534.93,-0.63,-2865.44,-3.31,,,95.0,-405.0,0,1,-4378.36,,,0.54,1
Sunflower Oil,Refined,NCDEX,Mumbai,Maharashtra,2023-12-18,84314.29,80098.58,88530.0,350.0,295.1,295.1,Quintal,2023,12,18,0,352,51,4,0,December,Winter,1,0,0,0,0,0,8431.419999999998,10.0,0,83787.65,405.0,86245.07,710.0,,,84879.01,844.29,83787.65,86231.37,442.14,86338.7,1791.79,83787.65,89216.0,504.29,88011.94,2401.8,83787.65,91671.32,601.0,526.64,0.63,-1930.78,-2.24,,,-55.0,-360.0,0,1,-3697.65,,,0.34,1
Sunflower Oil,Refined,NCDEX,Mumbai,Maharashtra,2023-12-19,84016.98,79816.13,88217.83,530.0,445.29,445.29,Quintal,2023,12,19,1,353,51,4,0,December,Winter,1,0,0,0,0,0,8401.699999999997,10.0,0,84314.29,350.0,86231.37,255.0,,,84562.67,644.3,83787.65,85588.62,481.43,85967.34,1685.17,83787.65,88862.07,524.29,87858.29,2480.27,83787.65,91671.32,598.27,-297.31,-0.35,-2214.39,-2.57,,,180.0,275.0,0,1,-3841.31,,,0.99,1
Sunflower Oil,Refined,NCDEX,Mumbai,Maharashtra,2023-12-20,83249.23,79086.77,87411.69,325.0,270.56,270.56,Quintal,2023,12,20,2,354,51,4,0,December,Winter,1,0,0,0,0,0,8324.919999999998,10.0,0,84016.98,530.0,85588.62,615.0,,,84228.47,630.0,83249.23,85192.64,440.0,85566.42,1609.48,83249.23,88502.82,516.43,87687.58,2588.81,83249.23,91671.32,588.15,-767.75,-0.91,-2339.39,-2.73,,,-205.0,-290.0,0,1,-4438.35,,,0.25,1
Sunflower Oil,Refined,NCDEX,Mumbai,Maharashtra,2023-12-21,82468.42,78345.0,86591.84,190.0,156.69,156.69,Quintal,2023,12,21,3,355,51,4,0,December,Winter,1,0,0,0,0,0,8246.839999999997,10.0,0,83249.23,325.0,85192.64,815.0,,,83839.3,762.61,82468.42,84715.94,350.71,85135.39,1570.15,82468.42,87828.26,479.29,87501.18,2725.17,82468.42,91671.32,573.93,-780.81,-0.94,-2724.22,-3.2,,,-135.0,-625.0,0,1,-5032.76,,,-0.24,0
Sunflower Oil,Refined,NCDEX,Mumbai,Maharashtra,2023-12-22,82204.4,78094.18,86314.62,455.0,374.03,374.03,Quintal,2023,12,22,4,356,51,4,0,December,Winter,1,0,0,0,0,0,8220.440000000002,10.0,0,82468.42,190.0,84715.94,345.0,,,83480.51,865.32,82204.4,84322.58,366.43,84733.69,1547.45,82204.4,87281.36,478.93,87318.53,2851.1,82204.4,91671.32,569.83,-264.02,-0.32,-2511.54,-2.96,,,265.0,110.0,0,1,-5114.13,,,0.72,1
Sunflower Oil,Refined,NCDEX,Mumbai,Maharashtra,2023-12-26,82767.74,78629.35,86906.13,155.0,128.29,128.29,Quintal,2023,12,26,1,360,52,4,0,December,Winter,1,0,0,0,0,0,8276.779999999999,10.0,0,82204.4,455.0,84322.58,310.0,,,83258.39,810.99,82204.4,84314.29,344.29,84411.29,1442.46,82204.4,86653.09,447.86,87166.84,2922.12,82204.4,91671.32,556.0,563.34,0.69,-1554.84,-1.84,,,-300.0,-155.0,0,1,-4399.1,,,-0.36,0
Sunflower Oil,Refined,NCDEX,Mumbai,Maharashtra,2023-12-27,83040.62,78888.59,87192.65,320.0,265.73,265.73,Quintal,2023,12,27,2,361,52,4,0,December,Winter,1,0,0,0,0,0,8304.059999999998,10.0,0,82767.74,155.0,83787.65,405.0,88856.92,1950.0,83151.67,778.23,82204.4,84314.29,332.14,84153.25,1329.25,82204.4,86245.07,412.86,86972.97,2998.08,82204.4,91671.32,501.67,272.88,0.33,-747.03,-0.89,-5816.3,-6.55,165.0,-85.0,0,1,-3932.35,,,0.23,1
Sunflower Oil,Refined,NCDEX,Mumbai,Maharashtra,2023-12-28,83002.25,78852.14,87152.36,445.0,369.36,369.36,Quintal,2023,12,28,3,362,52,4,0,December,Winter,1,0,0,0,0,0,8300.220000000001,10.0,0,83040.62,320.0,84314.29,350.0,88830.77,390.0,82964.23,585.74,82204.4,84016.98,345.71,83921.62,1214.27,82204.4,86231.37,393.93,86778.68,3061.71,82204.4,91671.32,503.5,-38.37,-0.05,-1312.04,-1.56,-5828.52,-6.56,125.0,95.0,0,1,-3776.43,,,0.69,1
Sunflower Oil,Refined,NCDEX,Mumbai,Maharashtra,2023-12-29,82383.05,78263.9,86502.2,295.0,243.03,243.03,Quintal,2023,12,29,4,363,52,4,0,December,Winter,1,0,0,0,0,0,8238.300000000003,10.0,0,83002.25,445.0,84016.98,530.0,91671.32,1360.0,82730.82,388.73,82204.4,83249.23,312.14,83646.74,1079.26,82204.4,85588.62,396.79,86469.07,3019.23,82204.4,90974.15,468.0,-619.2,-0.75,-1633.93,-1.94,-9288.27,-10.13,-150.0,-235.0,0,1,-4086.02,,,0.14,1
Sunflower Oil,Refined,NCDEX,Mumbai,Maharashtra,2024-01-01,82337.5,78220.62,86454.38,80.0,65.87,65.87,Quintal,2024,1,1,0,1,1,1,0,January,Winter,0,0,0,0,0,1,8233.76000000001,10.0,0,82383.05,295.0,83249.23,325.0,90974.15,735.0,82600.57,335.13,82204.4,83040.62,277.14,83414.52,973.91,82204.4,85192.64,358.57,86181.18,2986.43,82204.4,90791.6,446.17,-45.55,-0.06,-911.73,-1.1,-8636.65,-9.49,-215.0,-245.0,0,1,-3843.68,,,-0.63,0
Groundnut,Bold,Rajkot,Rajkot,Gujarat,2024-01-01,64000.0,58880.0,69120.0,5.0,3.2,0.15,Quintal,2024,1,1,0,1,1,1,0,January,Winter,0,0,0,0,0,1,10240.0,16.0,1,65600.0,5.0,,,,,67759.77,2819.4,64000.0,70269.42,141.0,67759.77,2819.4,64000.0,70269.42,141.0,67759.77,2819.4,64000.0,70269.42,141.0,-1600.0,-2.44,,,,,0.0,,0,0,-3759.77,,,-0.52,0
Sunflower Oil,Refined,NCDEX,Mumbai,Maharashtra,2024-01-02,81828.57,77737.14,85920.0,105.0,85.92,85.92,Quintal,2024,1,2,1,2,1,1,0,January,Winter,0,0,0,0,0,1,8182.860000000001,10.0,0,82337.5,80.0,82468.42,190.0,89920.0,650.0,82509.16,446.08,81828.57,83040.62,265.0,83174.23,914.66,81828.57,84715.94,307.86,85911.47,3002.46,81828.57,90791.6,428.0,-508.93,-0.62,-639.85,-0.78,-8091.43,-9.0,25.0,-85.0,0,1,-4082.9,,,-0.54,0
Sunflower Oil,Refined,NCDEX,Mumbai,Maharashtra,2024-01-03,81053.85,77001.16,85106.54,260.0,210.74,210.74,Quintal,2024,1,3,2,3,1,1,0,January,Winter,0,0,0,0,0,1,8105.37999999999,10.0,0,81828.57,105.0,82204.4,455.0,90516.67,420.0,82344.8,710.62,81053.85,83040.62,237.14,82912.65,962.25,81053.85,84322.58,301.79,85596.04,2999.04,81053.85,90791.6,422.67,-774.72,-0.95,-1150.55,-1.4,-9462.82,-10.45,155.0,-195.0,0,1,-4542.19,,,0.02,1
Sunflower Oil,Refined,NCDEX,Mumbai,Maharashtra,2024-01-04,82533.51,78406.83,86660.19,1835.0,1514.49,1514.49,Quintal,2024,1,4,3,4,1,1,0,January,Winter,0,0,0,0,0,1,8253.36,10.0,0,81053.85,260.0,82767.74,155.0,90539.47,380.0,82311.34,692.67,81053.85,83040.62,477.14,82784.86,875.49,81053.85,84314.29,410.71,85329.18,2898.5,81053.85,90791.6,471.17,1479.66,1.83,-234.23,-0.28,-8005.96,-8.84,1575.0,1680.0,0,1,-2795.67,,,5.71,1
Sunflower Oil,Refined,NCDEX,Mumbai,Maharashtra,2024-01-05,83187.27,79027.91,87346.63,550.0,457.53,457.53,Quintal,2024,1,5,4,5,1,1,0,January,Winter,0,0,0,0,0,1,8318.720000000001,10.0,0,82533.51,1835.0,83040.62,320.0,90791.6,595.0,82332.29,720.08,81053.85,83187.27,510.0,82741.98,836.42,81053.85,84314.29,421.07,85075.7,2732.06,81053.85,90113.4,469.67,653.76,0.79,146.65,0.18,-7604.33,-8.38,-1285.0,230.0,0,1,-1888.43,,,1.06,1
Sunflower Oil,Refined,NCDEX,Mumbai,Maharashtra,2024-01-08,83311.43,79145.86,87477.0,700.0,583.18,583.18,Quintal,2024,1,8,0,8,2,1,0,January,Winter,0,0,0,0,0,1,8331.14,10.0,0,83187.27,550.0,83002.25,445.0,90113.4,485.0,82376.45,775.38,81053.85,83311.43,546.43,82670.34,727.22,81053.85,84016.98,446.07,84848.97,2577.43,81053.85,89750.0,476.83,124.16,0.15,309.18,0.37,-6801.97,-7.55,150.0,255.0,0,1,-1537.54,,,1.61,1
Sunflower Oil,Refined,NCDEX,Mumbai,Maharashtra,2024-01-09,84202.15,79992.04,88412.26,465.0,391.54,391.54,Quintal,2024,1,9,1,9,2,1,0,January,Winter,0,0,0,0,0,1,8420.220000000001,10.0,0,83311.43,700.0,82383.05,295.0,89750.0,340.0,82636.33,1038.24,81053.85,84202.15,570.71,82683.57,754.76,81053.85,84202.15,441.43,84664.04,2407.06,81053.85,89592.42,481.0,890.72,1.07,1819.1,2.21,-5547.85,-6.18,-235.0,170.0,0,1,-461.89,,,0.76,1
Sunflower Oil,Refined,NCDEX,Mumbai,Maharashtra,2024-01-10,84653.1,80420.45,88885.76,565.0,478.29,478.29,Quintal,2024,1,10,2,10,2,1,0,January,Winter,0,0,0,0,0,1,8465.309999999998,10.0,0,84202.15,465.0,82337.5,80.0,89592.42,660.0,82967.13,1270.15,81053.85,84653.1,640.0,82783.85,912.47,81053.85,84653.1,458.57,84499.39,2219.99,81053.85,89216.0,477.83,450.95,0.54,2315.6,2.81,-4939.32,-5.51,100.0,485.0,0,1,153.71,,,1.12,1
Sunflower Oil,Refined,NCDEX,Mumbai,Maharashtra,2024-01-11,84881.16,80637.1,89125.22,345.0,292.84,292.84,Quintal,2024,1,11,3,11,2,1,0,January,Winter,0,0,0,0,0,1,8488.119999999995,10.0,0,84653.1,565.0,81828.57,105.0,89216.0,250.0,83403.21,1336.4,81053.85,84881.16,674.29,82956.19,1063.64,81053.85,84881.16,469.64,84354.9,2035.84,81053.85,88862.07,481.0,228.06,0.27,3052.59,3.73,-4334.84,-4.86,-220.0,240.0,0,1,526.26,,,0.32,1
Sunflower Oil,Refined,NCDEX,Mumbai,Maharashtra,2024-01-12,85125.0,80868.75,89381.25,280.0,238.35,238.35,Quintal,2024,1,12,4,12,2,1,0,January,Winter,0,0,0,0,0,1,8512.5,10.0,0,84881.16,345.0,81053.85,260.0,88862.07,435.0,83984.8,982.61,82533.51,85125.0,677.14,83164.8,1184.41,81053.85,85125.0,457.14,84230.33,1857.03,81053.85,88502.82,475.83,243.84,0.29,4071.15,5.02,-3737.07,-4.21,-65.0,20.0,0,1,894.67,,,0.09,1
Sunflower Oil,Refined,NCDEX,Mumbai,Maharashtra,2024-01-15,84818.18,80577.27,89059.09,275.0,233.25,233.25,Quintal,2024,1,15,0,15,3,1,0,January,Winter,0,0,0,0,0,1,8481.819999999992,10.0,0,85125.0,280.0,82533.51,1835.0,88502.82,710.0,84311.18,778.43,83187.27,85125.0,454.29,83311.26,1256.13,81053.85,85125.0,465.71,84107.51,1677.92,81053.85,87828.26,461.33,-306.82,-0.36,2284.67,2.77,-3684.64,-4.16,-5.0,-1560.0,1,0,710.67,,,0.07,1
Sunflower Oil,Refined,NCDEX,Mumbai,Maharashtra,2024-01-16,85236.22,80974.41,89498.03,635.0,541.25,541.25,Quintal,2024,1,16,1,16,3,1,0,January,Winter,0,0,0,0,0,1,8523.619999999995,10.0,0,84818.18,275.0,83187.27,550.0,87828.26,460.0,84603.89,661.87,83311.43,85236.22,466.43,83468.09,1353.07,81053.85,85236.22,488.21,84021.11,1540.85,81053.85,87281.36,467.17,418.04,0.49,2048.95,2.46,-2592.04,-2.95,360.0,85.0,1,0,1215.11,,,1.37,1
Sunflower Oil,Refined,NCDEX,Mumbai,Maharashtra,2024-01-17,85071.6,80818.02,89325.18,405.0,344.54,344.54,Quintal,2024,1,17,2,17,3,1,0,January,Winter,0,0,0,0,0,1,8507.159999999989,10.0,0,85236.22,635.0,83311.43,700.0,87281.36,590.0,84855.34,349.8,84202.15,85236.22,424.29,83615.9,1410.09,81053.85,85236.22,485.36,83947.45,1428.34,81053.85,86653.09,461.0,-164.62,-0.19,1760.17,2.11,-2209.76,-2.53,-230.0,-295.0,1,0,1124.15,,,0.54,1
Sunflower Oil,Refined,NCDEX,Mumbai,Maharashtra,2024-01-18,85516.05,81240.25,89791.85,405.0,346.34,346.34,Quintal,2024,1,18,3,18,3,1,0,January,Winter,0,0,0,0,0,1,8551.600000000006,10.0,0,85071.6,405.0,84202.15,465.0,86653.09,810.0,85043.04,287.93,84653.1,85516.05,415.71,83839.69,1447.49,81053.85,85516.05,493.21,83909.55,1367.87,81053.85,86245.07,447.5,444.45,0.52,1313.9,1.56,-1137.04,-1.31,0.0,-60.0,1,0,1606.5,,,0.54,1
Sunflower Oil,Refined,NCDEX,Mumbai,Maharashtra,2024-01-19,86139.13,81832.17,90446.09,230.0,198.12,198.12,Quintal,2024,1,19,4,19,3,1,0,January,Winter,0,0,0,0,0,1,8613.919999999998,10.0,0,85516.05,405.0,84653.1,565.0,86245.07,710.0,85255.33,453.01,84818.18,86139.13,367.86,84111.23,1499.66,81053.85,86139.13,503.93,83906.02,1361.76,81053.85,86231.37,431.5,623.08,0.73,1486.03,1.76,-105.94,-0.12,-175.0,-335.0,1,0,2233.11,,,-0.09,0
Sunflower Oil,Refined,NCDEX,Mumbai,Maharashtra,2024-01-23,85916.19,81620.38,90212.0,525.0,451.06,451.06,Quintal,2024,1,23,1,23,4,1,0,January,Winter,0,0,0,0,0,1,8591.619999999995,10.0,0,86139.13,230.0,84881.16,345.0,86231.37,255.0,85403.2,478.71,84818.18,86139.13,393.57,84403.2,1416.67,81053.85,86139.13,533.93,83895.51,1344.3,81053.85,86139.13,440.5,-222.94,-0.26,1035.03,1.22,-315.18,-0.37,295.0,180.0,1,0,2020.68,,,0.97,1
Sunflower Oil,Refined,NCDEX,Mumbai,Maharashtra,2024-01-24,86824.29,82483.08,91165.5,700.0,607.77,607.77,Quintal,2024,1,24,2,24,4,1,0,January,Winter,0,0,0,0,0,1,8682.419999999998,10.0,0,85916.19,525.0,85125.0,280.0,85588.62,615.0,85645.95,695.77,84818.18,86824.29,453.57,84815.38,1188.26,82533.51,86824.29,565.36,83936.7,1415.04,81053.85,86824.29,443.33,908.1,1.06,1699.29,2.0,1235.67,1.44,175.0,420.0,1,0,2887.59,,,1.61,1
Sunflower Oil,Refined,NCDEX,Mumbai,Maharashtra,2024-01-25,86807.69,82467.31,91148.07,130.0,112.85,112.85,Quintal,2024,1,25,3,25,4,1,0,January,Winter,0,0,0,0,0,1,8680.76000000001,10.0,0,86824.29,700.0,84818.18,275.0,85192.64,815.0,85930.17,707.53,85071.6,86824.29,432.86,85120.68,1102.9,83187.27,86824.29,443.57,83990.53,1493.04,81053.85,86824.29,420.5,-16.6,-0.02,1989.51,2.35,1615.05,1.9,-570.0,-145.0,1,0,2817.16,,,-0.45,0
Sunflower Oil,Refined,NCDEX,Mumbai,Maharashtra,2024-01-29,86528.0,82201.6,90854.4,1125.0,973.44,973.44,Quintal,2024,1,29,0,29,5,1,0,January,Winter,0,0,0,0,0,1,8652.799999999988,10.0,0,86807.69,130.0,85236.22,635.0,84715.94,345.0,86114.71,663.45,85071.6,86824.29,502.86,85359.3,1009.89,83311.43,86824.29,484.64,84050.94,1558.61,81053.85,86824.29,446.5,-279.69,-0.32,1291.78,1.52,1812.06,2.14,995.0,490.0,1,0,2477.06,,,3.14,1
Sunflower Oil,Refined,NCDEX,Mumbai,Maharashtra,2024-01-30,85745.32,81458.05,90032.59,695.0,595.93,595.93,Quintal,2024,1,30,1,30,5,1,0,January,Winter,0,0,0,0,0,1,8574.539999999994,10.0,0,86528.0,1125.0,85071.6,405.0,84322.58,310.0,86210.95,520.34,85516.05,86824.29,544.29,85533.15,822.31,84202.15,86824.29,484.29,84098.36,1588.52,81053.85,86824.29,459.33,-782.68,-0.9,673.72,0.79,1422.74,1.69,-430.0,290.0,1,0,1646.96,,,1.59,1
Sunflower Oil,Refined,NCDEX,Mumbai,Maharashtra,2024-01-31,85877.5,81583.62,90171.38,400.0,343.51,343.51,Quintal,2024,1,31,2,31,5,1,0,January,Winter,0,0,0,0,0,1,8587.76000000001,10.0,0,85745.32,695.0,85516.05,405.0,83787.65,405.0,86262.59,453.54,85745.32,86824.29,543.57,85652.82,730.5,84653.1,86824.29,479.64,84168.02,1619.94,81053.85,86824.29,459.17,132.18,0.15,361.45,0.42,2089.85,2.49,-295.0,-5.0,1,0,1709.48,,,0.52,1
Sunflower Oil,Refined,NCDEX,Mumbai,Maharashtra,2024-02-01,84588.89,80359.45,88818.33,180.0,152.26,152.26,Quintal,2024,2,1,3,32,5,1,0,February,Winter,0,1,0,0,0,0,8458.880000000005,10.0,0,85877.5,400.0,86139.13,230.0,84314.29,350.0,86041.13,782.82,84588.89,86824.29,536.43,85648.23,737.42,84588.89,86824.29,452.14,84177.18,1621.57,81053.85,86824.29,453.5,-1288.61,-1.5,-1550.24,-1.8,274.6,0.33,-220.0,-50.0,1,0,411.71,,,-0.27,0
Sunflower Oil,Refined,NCDEX,Mumbai,Maharashtra,2024-02-02,84373.08,80154.43,88591.73,260.0,219.37,219.37,Quintal,2024,2,2,4,33,5,1,0,February,Winter,0,1,0,0,0,0,8437.300000000003,10.0,0,84588.89,180.0,85916.19,525.0,84016.98,530.0,85820.68,1008.59,84373.08,86824.29,498.57,85611.94,788.79,84373.08,86824.29,446.07,84189.05,1621.66,81053.85,86824.29,444.5,-215.81,-0.26,-1543.11,-1.8,356.1,0.42,80.0,-265.0,1,0,184.03,,,0.02,1
Sunflower Oil,Refined,NCDEX,Mumbai,Maharashtra,2024-02-05,83218.46,79057.54,87379.38,325.0,270.46,270.46,Quintal,2024,2,5,0,36,6,1,0,February,Winter,0,1,0,0,0,0,8321.840000000011,10.0,0,84373.08,260.0,86824.29,700.0,83249.23,325.0,85305.56,1291.66,83218.46,86807.69,445.0,85475.76,1012.25,83218.46,86824.29,449.29,84188.02,1622.28,81053.85,86824.29,444.5,-1154.62,-1.37,-3605.83,-4.15,-30.77,-0.04,65.0,-375.0,1,0,-969.56,,,0.25,1
Sunflower Oil,Refined,NCDEX,Mumbai,Maharashtra,2024-02-06,82897.78,78752.89,87042.67,225.0,186.52,186.52,Quintal,2024,2,6,1,37,6,1,0,February,Winter,0,1,0,0,0,0,8289.779999999999,10.0,0,83218.46,325.0,86807.69,130.0,82468.42,190.0,84747.0,1376.44,82897.78,86528.0,458.57,85338.59,1217.52,82897.78,86824.29,445.71,84202.33,1608.42,81053.85,86824.29,445.67,-320.68,-0.39,-3909.91,-4.5,429.36,0.52,-100.0,95.0,1,0,-1304.55,,,-0.11,0
Sunflower Oil,Refined,NCDEX,Mumbai,Maharashtra,2024-02-07,83205.56,79045.28,87365.84,180.0,149.77,149.77,Quintal,2024,2,7,2,38,6,1,0,February,Winter,0,1,0,0,0,0,8320.559999999998,10.0,0,82897.78,225.0,86528.0,1125.0,82204.4,455.0,84272.37,1224.38,82897.78,85877.5,323.57,85193.54,1344.94,82897.78,86824.29,413.21,84235.7,1575.59,81053.85,86824.29,436.5,307.78,0.37,-3322.44,-3.84,1001.16,1.22,-45.0,-945.0,1,0,-1030.14,,,-0.27,0
Sunflower Oil,Refined,NCDEX,Mumbai,Maharashtra,2024-02-08,84193.22,79983.56,88402.88,295.0,248.37,248.37,Quintal,2024,2,8,3,39,6,1,0,February,Winter,0,1,0,0,0,0,8419.320000000007,10.0,0,83205.56,180.0,85745.32,695.0,82767.74,155.0,84050.64,1039.81,82897.78,85877.5,266.43,85130.8,1371.3,82897.78,86824.29,405.36,84283.22,1551.1,81053.85,86824.29,441.17,987.66,1.19,-1552.1,-1.81,1425.48,1.72,115.0,-400.0,0,1,-90.0,,,0.14,1
Sunflower Oil,Refined,NCDEX,Mumbai,Maharashtra,2024-02-09,83883.33,79689.16,88077.5,180.0,150.99,150.99,Quintal,2024,2,9,4,40,6,1,0,February,Winter,0,1,0,0,0,0,8388.339999999997,10.0,0,84193.22,295.0,85877.5,400.0,83040.62,320.0,83765.76,659.5,82897.78,84588.89,235.0,85014.17,1405.03,82897.78,86824.29,389.29,84311.31,1535.37,81053.85,86824.29,436.5,-309.89,-0.37,-1994.17,-2.32,842.71,1.01,-115.0,-220.0,0,1,-427.98,,,-0.27,0
Sunflower Oil,Refined,NCDEX,Mumbai,Maharashtra,2024-02-12,83821.05,79630.0,88012.1,190.0,159.26,159.26,Quintal,2024,2,12,0,43,7,1,0,February,Winter,0,1,0,0,0,0,8382.100000000006,10.0,0,83883.33,180.0,84588.89,180.0,83002.25,445.0,83656.07,555.42,82897.78,84373.08,236.43,84848.6,1398.83,82897.78,86824.29,386.43,84338.6,1518.48,81053.85,86824.29,428.0,-62.28,-0.07,-767.84,-0.91,818.8,0.99,10.0,10.0,0,1,-517.55,,,-0.24,0
Sunflower Oil,Refined,NCDEX,Mumbai,Maharashtra,2024-02-13,84268.0,80054.6,88481.4,250.0,210.67,210.67,Quintal,2024,2,13,1,44,7,1,0,February,Winter,0,1,0,0,0,0,8426.799999999988,10.0,0,83821.05,190.0,84373.08,260.0,82383.05,295.0,83641.06,533.81,82897.78,84268.0,235.0,84730.87,1371.16,82897.78,86824.29,366.79,84401.44,1473.1,81053.85,86824.29,426.5,446.95,0.53,-105.08,-0.12,1884.95,2.29,60.0,-10.0,0,1,-133.44,,,-0.02,0
Sunflower Oil,Refined,NCDEX,Mumbai,Maharashtra,2024-02-14,84281.25,80067.19,88495.31,160.0,134.85,134.85,Quintal,2024,2,14,2,45,7,1,0,February,Winter,0,1,0,0,0,0,8428.119999999995,10.0,0,84268.0,250.0,83218.46,325.0,82337.5,80.0,83792.88,544.62,82897.78,84281.25,211.43,84549.22,1234.09,82897.78,86807.69,328.21,84466.23,1421.01,81053.85,86824.29,429.17,13.25,0.02,1062.79,1.28,1943.75,2.36,-90.0,-165.0,0,1,-184.98,,,-0.34,0
Sunflower Oil,Refined,NCDEX,Mumbai,Maharashtra,2024-02-15,83582.76,79403.62,87761.9,580.0,484.78,484.78,Quintal,2024,2,15,3,46,7,1,0,February,Winter,0,1,0,0,0,0,8358.279999999999,10.0,0,84281.25,160.0,82897.78,225.0,81828.57,105.0,83890.74,399.07,83205.56,84281.25,262.14,84318.87,1070.2,82897.78,86528.0,360.36,84524.7,1342.66,81053.85,86824.29,445.0,-698.49,-0.83,684.98,0.83,1754.19,2.14,420.0,355.0,0,1,-941.94,,,1.17,1
Sunflower Oil,Refined,NCDEX,Mumbai,Maharashtra,2024-02-16,83276.67,79112.84,87440.5,300.0,249.83,249.83,Quintal,2024,2,16,4,47,7,1,0,February,Winter,0,1,0,0,0,0,8327.660000000003,10.0,0,83582.76,580.0,83205.56,180.0,81053.85,260.0,83900.9,379.13,83276.67,84281.25,279.29,84086.63,891.85,82897.78,85877.5,301.43,84598.79,1198.07,82533.51,86824.29,446.33,-306.09,-0.37,71.11,0.09,2222.82,2.74,-280.0,120.0,0,1,-1322.12,,,0.16,1
Sunflower Oil,Refined,NCDEX,Mumbai,Maharashtra,2024-02-19,83498.25,79323.34,87673.16,570.0,475.94,475.94,Quintal,2024,2,19,0,50,8,1,0,February,Winter,0,1,0,0,0,0,8349.820000000007,10.0,0,83276.67,300.0,84193.22,295.0,82533.51,1835.0,83801.62,380.81,83276.67,84281.25,318.57,83926.13,763.31,82897.78,85877.5,292.5,84630.95,1152.82,82897.78,86824.29,404.17,221.58,0.27,-694.97,-0.83,964.74,1.17,270.0,275.0,0,1,-1132.7,,,1.14,1
Sunflower Oil,Refined,NCDEX,Mumbai,Maharashtra,2024-02-20,83395.83,79226.04,87565.62,480.0,400.3,400.3,Quintal,2024,2,20,1,51,8,1,0,February,Winter,0,1,0,0,0,0,8339.580000000002,10.0,0,83498.25,570.0,83883.33,180.0,83187.27,550.0,83731.97,407.05,83276.67,84281.25,361.43,83748.87,526.81,82897.78,84588.89,298.21,84637.9,1144.41,82897.78,86824.29,401.83,-102.42,-0.12,-487.5,-0.58,208.56,0.25,-90.0,300.0,0,1,-1242.07,,,0.81,1
Sunflower Oil,Refined,NCDEX,Mumbai,Maharashtra,2024-02-21,83642.67,79460.54,87824.8,375.0,313.66,313.66,Quintal,2024,2,21,2,52,8,1,0,February,Winter,0,1,0,0,0,0,8364.26000000001,10.0,0,83395.83,480.0,83821.05,190.0,83311.43,700.0,83706.49,406.13,83276.67,84281.25,387.86,83681.28,468.18,82897.78,84373.08,312.14,84648.95,1132.71,82897.78,86824.29,391.0,246.84,0.3,-178.38,-0.21,331.24,0.4,-105.0,185.0,0,1,-1006.28,,,0.43,1
Sunflower Oil,Refined,NCDEX,Mumbai,Maharashtra,2024-02-22,83714.07,79528.37,87899.77,675.0,565.07,565.07,Quintal,2024,2,22,3,53,8,1,0,February,Winter,0,1,0,0,0,0,8371.400000000009,10.0,0,83642.67,375.0,84268.0,250.0,84202.15,465.0,83627.36,324.18,83276.67,84281.25,448.57,83634.21,424.35,82897.78,84281.25,341.79,84632.68,1142.81,82897.78,86824.29,398.0,71.4,0.09,-553.93,-0.66,-488.08,-0.58,300.0,425.0,0,1,-918.61,,,1.52,1
Sunflower Oil,Refined,NCDEX,Mumbai,Maharashtra,2024-02-23,83876.92,79683.07,88070.77,715.0,599.72,599.72,Quintal,2024,2,23,4,54,8,1,0,February,Winter,0,1,0,0,0,0,8387.699999999997,10.0,0,83714.07,675.0,84281.25,160.0,84653.1,565.0,83569.6,200.8,83276.67,83876.92,527.86,83681.24,411.01,82897.78,84281.25,369.64,84606.8,1151.08,82897.78,86824.29,403.0,162.85,0.19,-404.33,-0.48,-776.18,-0.92,40.0,555.0,0,1,-729.88,,,1.66,1
Sunflower Oil,Refined,NCDEX,Mumbai,Maharashtra,2024-02-26,83444.44,79272.22,87616.66,270.0,225.3,225.3,Quintal,2024,2,26,0,57,9,1,0,February,Winter,0,1,0,0,0,0,8344.440000000002,10.0,0,83876.92,715.0,83582.76,580.0,84881.16,345.0,83549.84,206.03,83276.67,83876.92,483.57,83720.29,352.68,83205.56,84281.25,372.86,84558.91,1169.02,82897.78,86824.29,400.5,-432.48,-0.52,-138.32,-0.17,-1436.72,-1.69,-445.0,-310.0,0,1,-1114.47,,,0.05,1
Sunflower Oil,Refined,NCDEX,Mumbai,Maharashtra,2024-02-27,84401.25,80181.19,88621.31,800.0,675.21,675.21,Quintal,2024,2,27,1,58,9,1,0,February,Winter,0,1,0,0,0,0,8440.119999999995,10.0,0,83444.44,270.0,83276.67,300.0,85125.0,280.0,83710.49,347.44,83395.83,84401.25,555.0,83805.69,363.07,83276.67,84401.25,417.14,84534.79,1164.4,82897.78,86824.29,417.83,956.81,1.15,1124.58,1.35,-723.75,-0.85,530.0,500.0,0,1,-133.54,,,1.97,1
Sunflower Oil,Refined,NCDEX,Mumbai,Maharashtra,2024-02-28,84994.29,80744.58,89244.0,700.0,594.96,594.96,Quintal,2024,2,28,2,59,9,1,0,February,Winter,0,1,0,0,0,0,8499.419999999998,10.0,0,84401.25,800.0,83498.25,570.0,84818.18,275.0,83924.21,578.46,83395.83,84994.29,573.57,83862.91,474.78,83276.67,84994.29,446.07,84540.66,1166.32,82897.78,86824.29,432.0,593.04,0.7,1496.04,1.79,176.11,0.21,-100.0,130.0,0,1,453.63,,,1.61,1
Sunflower Oil,Refined,NCDEX,Mumbai,Maharashtra,2024-02-29,84998.6,80748.67,89248.53,1425.0,1211.23,1211.23,Quintal,2024,2,29,3,60,9,1,0,February,Winter,0,1,0,0,0,0,8499.86,10.0,0,84994.29,700.0,83395.83,480.0,85236.22,635.0,84153.18,647.54,83444.44,84998.6,708.57,83942.58,563.7,83276.67,84998.6,535.0,84532.74,1162.23,82897.78,86824.29,458.33,4.31,0.01,1602.77,1.92,-237.62,-0.28,725.0,945.0,0,1,465.86,,,4.22,1
Sunflower Oil,Refined,NCDEX,Mumbai,Maharashtra,2024-03-01,84786.21,80546.9,89025.52,435.0,368.82,368.82,Quintal,2024,3,1,4,61,9,1,0,March,Summer,0,1,0,0,1,0,8478.62000000001,10.0,0,84998.6,1425.0,83642.67,375.0,85071.6,405.0,84316.54,641.5,83444.44,84998.6,717.14,84011.52,605.19,83276.67,84998.6,552.5,84523.22,1158.83,82897.78,86824.29,459.33,-212.39,-0.25,1143.54,1.37,-285.39,-0.34,-990.0,60.0,0,1,262.99,,,0.65,1
Sunflower Oil,Refined,NCDEX,Mumbai,Maharashtra,2024-03-04,84849.18,80606.72,89091.64,305.0,258.79,258.79,Quintal,2024,3,4,0,64,10,1,0,March,Summer,0,1,0,0,1,0,8484.919999999998,10.0,0,84786.21,435.0,83714.07,675.0,85516.05,405.0,84478.7,606.32,83444.44,84998.6,664.29,84053.03,642.9,83276.67,84998.6,556.43,84501.0,1145.45,82897.78,86824.29,456.0,62.97,0.07,1135.11,1.36,-666.87,-0.78,-130.0,-370.0,0,1,348.18,,,0.18,1
Sunflower Oil,Refined,NCDEX,Mumbai,Maharashtra,2024-03-05,84111.69,79906.11,88317.27,385.0,323.83,323.83,Quintal,2024,3,5,1,65,10,1,0,March,Summer,0,1,0,0,1,0,8411.160000000003,10.0,0,84849.18,305.0,83876.92,715.0,86139.13,230.0,84512.24,573.07,83444.44,84998.6,617.14,84040.92,639.86,83276.67,84998.6,572.5,84433.41,1104.54,82897.78,86824.29,461.17,-737.49,-0.87,234.77,0.28,-2027.44,-2.35,80.0,-330.0,1,0,-321.72,,,0.47,1
Sunflower Oil,Refined,NCDEX,Mumbai,Maharashtra,2024-03-06,84937.86,80690.97,89184.75,515.0,437.43,437.43,Quintal,2024,3,6,2,66,10,1,0,March,Summer,0,1,0,0,1,0,8493.779999999999,10.0,0,84111.69,385.0,83444.44,270.0,85916.19,525.0,84725.58,339.81,84111.69,84998.6,652.14,84137.71,667.13,83276.67,84998.6,567.86,84400.8,1073.26,82897.78,86824.29,460.83,826.17,0.98,1493.42,1.79,-978.33,-1.14,130.0,245.0,1,0,537.06,,,0.94,1
Sunflower Oil,Refined,NCDEX,Mumbai,Maharashtra,2024-03-07,85960.47,81662.45,90258.49,430.0,369.63,369.63,Quintal,2024,3,7,3,67,10,1,0,March,Summer,0,1,0,0,1,0,8596.040000000008,10.0,0,84937.86,515.0,84401.25,800.0,86824.29,700.0,84948.33,542.41,84111.69,85960.47,599.29,84329.41,777.19,83395.83,85960.47,577.14,84372.01,1016.06,82897.78,86807.69,451.83,1022.61,1.2,1559.22,1.85,-863.82,-0.99,-85.0,-370.0,1,0,1588.46,,,0.63,1
Sunflower Oil,Refined,NCDEX,Mumbai,Maharashtra,2024-03-11,87123.81,82767.62,91480.0,525.0,457.4,457.4,Quintal,2024,3,11,0,71,11,1,0,March,Summer,0,1,0,0,1,0,8712.380000000005,10.0,0,85960.47,430.0,84994.29,700.0,86807.69,130.0,85252.55,987.25,84111.69,87123.81,574.29,84588.38,1038.91,83395.83,87123.81,573.93,84382.55,1043.46,82897.78,87123.81,465.0,1163.34,1.35,2129.52,2.51,316.12,0.36,95.0,-175.0,1,0,2741.26,,,0.97,1
Sunflower Oil,Refined,NCDEX,Mumbai,Maharashtra,2024-03-12,87564.1,83185.9,91942.3,195.0,170.75,170.75,Quintal,2024,3,12,1,72,11,1,0,March,Summer,0,1,0,0,1,0,8756.400000000009,10.0,0,87123.81,525.0,84998.6,1425.0,86528.0,1125.0,85619.05,1302.98,84111.69,87564.1,398.57,84886.11,1247.25,83444.44,87564.1,553.57,84417.08,1130.44,82897.78,87564.1,434.0,440.29,0.51,2565.5,3.02,1036.1,1.2,-330.0,-1230.0,1,0,3147.02,,,-0.22,0
Sunflower Oil,Refined,NCDEX,Mumbai,Maharashtra,2024-03-13,88407.46,83987.09,92827.83,670.0,592.33,592.33,Quintal,2024,3,13,2,73,11,1,0,March,Summer,0,1,0,0,1,0,8840.740000000005,10.0,0,87564.1,195.0,84786.21,435.0,85745.32,695.0,86136.37,1601.81,84111.69,88407.46,432.14,85226.45,1505.25,83444.44,88407.46,574.64,84505.82,1325.89,82897.78,88407.46,433.17,843.36,0.96,3621.25,4.27,2662.14,3.1,475.0,235.0,1,0,3901.64,,,1.5,1
Sunflower Oil,Refined,NCDEX,Mumbai,Maharashtra,2024-03-14,89269.23,84805.77,93732.69,390.0,348.15,348.15,Quintal,2024,3,14,3,74,11,1,0,March,Summer,0,1,0,0,1,0,8926.919999999998,10.0,0,88407.46,670.0,84849.18,305.0,85877.5,400.0,86767.8,1860.19,84111.69,89269.23,444.29,85623.25,1782.56,83444.44,89269.23,554.29,84618.88,1569.17,82897.78,89269.23,432.83,861.77,0.97,4420.05,5.21,3391.73,3.95,-280.0,85.0,1,0,4650.35,,,0.49,1
Sunflower Oil,Refined,NCDEX,Mumbai,Maharashtra,2024-03-15,88618.52,84187.59,93049.45,270.0,239.27,239.27,Quintal,2024,3,15,4,75,11,1,0,March,Summer,0,1,0,0,1,0,8861.86,10.0,0,89269.23,390.0,84111.69,385.0,84588.89,180.0,87411.64,1540.04,84937.86,89269.23,427.86,85961.94,1873.37,83444.44,89269.23,522.5,84753.2,1730.67,82897.78,89269.23,435.83,-650.71,-0.73,4506.83,5.36,4029.63,4.76,-120.0,-115.0,1,0,3865.32,,,0.05,1
Sunflower Oil,Refined,NCDEX,Mumbai,Maharashtra,2024-03-18,88630.0,84198.5,93061.5,200.0,177.26,177.26,Quintal,2024,3,18,0,78,12,1,0,March,Summer,0,1,0,0,1,0,8863.0,10.0,0,88618.52,270.0,84937.86,515.0,84373.08,260.0,87939.08,1129.0,85960.47,89269.23,382.86,86332.33,1849.82,84111.69,89269.23,517.5,84895.1,1867.53,82897.78,89269.23,433.83,11.48,0.01,3692.14,4.35,4256.92,5.05,-70.0,-315.0,1,0,3734.9,,,-0.2,0
Sunflower Oil,Refined,NCDEX,Mumbai,Maharashtra,2024-03-19,87778.72,83389.78,92167.66,235.0,206.28,206.28,Quintal,2024,3,19,1,79,12,1,0,March,Summer,0,1,0,0,1,0,8777.880000000005,10.0,0,88630.0,200.0,85960.47,430.0,83218.46,325.0,88198.83,740.09,87123.81,89269.23,355.0,86573.58,1798.12,84111.69,89269.23,477.14,85047.11,1911.43,82897.78,89269.23,430.83,-851.28,-0.96,1818.25,2.12,4560.26,5.48,35.0,-195.0,1,0,2731.61,,,-0.07,0
Sunflower Oil,Refined,NCDEX,Mumbai,Maharashtra,2024-03-20,87729.03,83342.58,92115.48,155.0,135.98,135.98,Quintal,2024,3,20,2,80,12,1,0,March,Summer,0,1,0,0,1,0,8772.899999999994,10.0,0,87778.72,235.0,87123.81,525.0,82897.78,225.0,88285.29,619.02,87564.1,89269.23,302.14,86768.92,1761.52,84111.69,89269.23,438.21,85208.15,1927.56,83205.56,89269.23,428.5,-49.69,-0.06,605.22,0.69,4831.25,5.83,-80.0,-370.0,1,0,2520.88,,,-0.36,0
Sunflower Oil,Refined,NCDEX,Mumbai,Maharashtra,2024-03-21,88200.0,83790.0,92610.0,160.0,141.12,141.12,Quintal,2024,3,21,3,81,12,1,0,March,Summer,0,1,0,0,1,0,8820.0,10.0,0,87729.03,155.0,87564.1,195.0,83205.56,180.0,88376.14,536.73,87729.03,89269.23,297.14,86997.59,1721.37,84111.69,89269.23,347.86,85374.63,1963.97,83276.67,89269.23,427.83,470.97,0.54,635.9,0.73,4994.44,6.0,5.0,-35.0,1,0,2825.37,,,-0.34,0
Sunflower Oil,Refined,NCDEX,Mumbai,Maharashtra,2024-03-22,87355.56,82987.78,91723.34,495.0,432.41,432.41,Quintal,2024,3,22,4,82,12,1,0,March,Summer,0,1,0,0,1,0,8735.559999999998,10.0,0,88200.0,160.0,88407.46,670.0,84193.22,295.0,88225.87,659.67,87355.56,89269.23,272.14,87181.12,1600.17,84111.69,89269.23,352.14,85480.04,1983.15,83276.67,89269.23,434.5,-844.44,-0.96,-1051.9,-1.19,3162.34,3.76,335.0,-175.0,1,0,1875.52,,,0.87,1
Sunflower Oil,Refined,NCDEX,Mumbai,Maharashtra,2024-03-26,87143.4,82786.23,91500.57,265.0,230.93,230.93,Quintal,2024,3,26,1,86,13,1,0,March,Summer,0,1,0,0,1,0,8714.340000000011,10.0,0,87355.56,495.0,89269.23,390.0,83883.33,180.0,87922.18,584.31,87143.4,88630.0,254.29,87344.99,1453.76,84111.69,89269.23,349.29,85588.71,1981.95,83276.67,89269.23,437.33,-212.16,-0.24,-2125.83,-2.38,3260.07,3.89,-230.0,-125.0,1,0,1554.69,,,0.04,1
Sunflower Oil,Refined,NCDEX,Mumbai,Maharashtra,2024-03-27,86285.19,81970.93,90599.45,540.0,465.94,465.94,Quintal,2024,3,27,2,87,13,1,0,March,Summer,0,1,0,0,1,0,8628.520000000004,10.0,0,87143.4,265.0,88618.52,270.0,83821.05,190.0,87588.84,760.0,86285.19,88630.0,292.86,87500.24,1170.34,84937.86,89269.23,360.36,85670.85,1957.08,83276.67,89269.23,449.0,-858.21,-0.98,-2333.33,-2.63,2464.14,2.94,275.0,270.0,1,0,614.34,,,1.03,1
Sunflower Oil,Refined,NCDEX,Mumbai,Maharashtra,2024-03-28,86720.0,82384.0,91056.0,150.0,130.08,130.08,Quintal,2024,3,28,3,88,13,1,0,March,Summer,0,1,0,0,1,0,8672.0,10.0,0,86285.19,540.0,88630.0,200.0,84268.0,250.0,87315.99,660.21,86285.19,88200.0,285.71,87627.54,945.52,85960.47,89269.23,334.29,85752.58,1947.65,83276.67,89269.23,445.67,434.81,0.5,-1910.0,-2.16,2452.0,2.91,-390.0,-50.0,1,0,967.42,,,-0.38,0
Sunflower Oil,Refined,NCDEX,Mumbai,Maharashtra,2024-04-01,87910.34,83514.82,92305.86,145.0,127.47,127.47,Quintal,2024,4,1,0,92,14,2,0,April,Summer,0,1,0,0,0,0,8791.039999999994,10.0,0,86720.0,150.0,87778.72,235.0,84281.25,160.0,87334.79,677.24,86285.19,88200.0,272.86,87766.81,815.77,86285.19,89269.23,313.93,85873.55,1965.73,83276.67,89269.23,445.17,1190.34,1.37,131.62,0.15,3629.09,4.31,-5.0,-90.0,1,0,2036.79,,,-0.4,0
Sunflower Oil,Refined,NCDEX,Mumbai,Maharashtra,2024-04-02,87793.75,83404.06,92183.44,160.0,140.47,140.47,Quintal,2024,4,2,1,93,14,2,0,April,Summer,0,1,0,0,0,0,8779.380000000005,10.0,0,87910.34,145.0,87729.03,155.0,83582.76,580.0,87344.03,683.93,86285.19,88200.0,273.57,87814.66,794.53,86285.19,89269.23,287.86,86013.92,1946.77,83276.67,89269.23,431.17,-116.59,-0.13,64.72,0.07,4210.99,5.04,15.0,5.0,1,0,1779.83,,,-0.34,0
Sunflower Oil,Refined,NCDEX,Mumbai,Maharashtra,2024-04-03,88364.0,83945.8,92782.2,250.0,220.91,220.91,Quintal,2024,4,3,2,94,14,2,0,April,Summer,0,1,0,0,0,0,8836.399999999994,10.0,0,87793.75,160.0,88200.0,160.0,83276.67,300.0,87367.46,720.0,86285.19,88364.0,286.43,87871.8,803.83,86285.19,89269.23,291.79,86183.49,1921.52,83395.83,89269.23,429.5,570.25,0.65,164.0,0.19,5087.33,6.11,90.0,90.0,1,0,2180.51,,,-0.02,0
Sunflower Oil,Refined,NCDEX,Mumbai,Maharashtra,2024-04-04,88116.98,83711.13,92522.83,265.0,233.51,233.51,Quintal,2024,4,4,3,95,14,2,0,April,Summer,0,1,0,0,0,0,8811.699999999997,10.0,0,88364.0,250.0,87355.56,495.0,83498.25,570.0,87476.24,773.43,86285.19,88364.0,253.57,87851.05,792.61,86285.19,89269.23,262.86,86337.45,1883.61,83395.83,89269.23,419.33,-247.02,-0.28,761.42,0.87,4618.73,5.53,15.0,-230.0,1,0,1779.53,,,0.04,1
Sunflower Oil,Refined,NCDEX,Mumbai,Maharashtra,2024-04-05,87511.11,83135.55,91886.67,90.0,78.76,78.76,Quintal,2024,4,5,4,96,14,2,0,April,Summer,0,1,0,0,0,0,8751.119999999995,10.0,0,88116.98,265.0,87143.4,265.0,83395.83,480.0,87528.77,759.42,86285.19,88364.0,228.57,87725.47,682.22,86285.19,88630.0,241.43,86474.63,1810.42,83444.44,89269.23,406.33,-605.87,-0.69,367.71,0.42,4115.28,4.93,-175.0,-175.0,1,0,1036.48,,,-0.6,0
Sunflower Oil,Refined,NCDEX,Mumbai,Maharashtra,2024-04-08,87388.89,83019.45,91758.33,90.0,78.65,78.65,Quintal,2024,4,8,0,99,15,2,0,April,Summer,0,1,0,0,0,0,8738.880000000005,10.0,0,87511.11,90.0,86285.19,540.0,83642.67,375.0,87686.44,541.51,86720.0,88364.0,164.29,87637.64,635.99,86285.19,88630.0,228.57,86599.5,1736.02,83444.44,89269.23,396.83,-122.22,-0.14,1103.7,1.28,3746.22,4.48,0.0,-450.0,1,0,789.39,,,-0.6,0
Sunflower Oil,Refined,NCDEX,Mumbai,Maharashtra,2024-04-09,87500.0,83125.0,91875.0,10.0,8.75,8.75,Quintal,2024,4,9,1,100,15,2,0,April,Summer,0,1,0,0,0,0,8750.0,10.0,0,87388.89,90.0,86720.0,150.0,83714.07,675.0,87797.87,358.99,87388.89,88364.0,144.29,87556.93,568.48,86285.19,88364.0,215.0,86725.7,1654.74,83444.44,89269.23,374.67,111.11,0.13,780.0,0.9,3785.93,4.52,-80.0,-140.0,1,0,774.3,,,-0.89,0
Sunflower Oil,Refined,NCDEX,Mumbai,Maharashtra,2024-04-10,87258.82,82895.88,91621.76,85.0,74.17,74.17,Quintal,2024,4,10,2,101,15,2,0,April,Summer,0,1,0,0,0,0,8725.87999999999,10.0,0,87500.0,10.0,87910.34,145.0,83876.92,715.0,87704.79,406.31,87258.82,88364.0,135.71,87519.79,569.86,86285.19,88364.0,204.29,86838.43,1566.83,83444.44,89269.23,353.67,-241.18,-0.28,-651.52,-0.74,3381.9,4.03,75.0,-60.0,1,0,420.39,,,-0.62,0
Sunflower Oil,Refined,NCDEX,Mumbai,Maharashtra,2024-04-12,87009.09,82658.64,91359.54,110.0,95.71,95.71,Quintal,2024,4,12,4,103,15,2,0,April,Summer,0,1,0,0,0,0,8700.899999999994,10.0,0,87258.82,85.0,87793.75,160.0,83444.44,270.0,87592.7,479.35,87009.09,88364.0,128.57,87468.37,581.88,86285.19,88364.0,201.07,86957.25,1429.74,84111.69,89269.23,348.33,-249.73,-0.29,-784.66,-0.89,3564.65,4.27,25.0,-50.0,1,0,51.84,,,-0.52,0
Sunflower Oil,Refined,NCDEX,Mumbai,Maharashtra,2024-04-15,87400.0,83030.0,91770.0,120.0,104.88,104.88,Quintal,2024,4,15,0,106,16,2,0,April,Summer,0,1,0,0,0,0,8740.0,10.0,0,87009.09,110.0,88364.0,250.0,84401.25,800.0,87454.98,338.65,87009.09,88116.98,110.0,87411.22,542.45,86285.19,88364.0,198.21,87057.21,1347.33,84111.69,89269.23,325.67,390.91,0.45,-964.0,-1.09,2998.75,3.55,10.0,-130.0,1,0,342.79,,,-0.49,0
Sunflower Oil,Refined,NCDEX,Mumbai,Maharashtra,2024-04-16,87190.77,82831.23,91550.31,325.0,283.37,283.37,Quintal,2024,4,16,1,107,16,2,0,April,Summer,0,1,0,0,0,0,8719.080000000002,10.0,0,87400.0,120.0,88116.98,265.0,84994.29,700.0,87322.67,181.26,87009.09,87511.11,118.57,87399.45,545.53,86285.19,88364.0,186.07,87130.43,1289.81,84111.69,89269.23,313.17,-209.23,-0.24,-926.21,-1.05,2196.48,2.58,205.0,60.0,1,0,60.34,,,0.25,1
Sunflower Oil,Refined,NCDEX,Mumbai,Maharashtra,2024-04-18,87252.43,82889.81,91615.05,515.0,449.35,449.35,Quintal,2024,4,18,3,109,16,2,0,April,Summer,0,1,0,0,0,0,8725.240000000005,10.0,0,87190.77,325.0,87511.11,90.0,84998.6,1425.0,87285.71,161.76,87009.09,87500.0,179.29,87407.24,542.36,86285.19,88364.0,203.93,87205.55,1225.39,84111.69,89269.23,282.83,61.66,0.07,-258.68,-0.3,2253.83,2.65,190.0,425.0,1,0,46.88,,,0.94,1
Sunflower Oil,Refined,NCDEX,Mumbai,Maharashtra,2024-04-19,86964.29,82616.08,91312.5,140.0,121.75,121.75,Quintal,2024,4,19,4,110,16,2,0,April,Summer,0,1,0,0,0,0,8696.419999999998,10.0,0,87252.43,515.0,87388.89,90.0,84786.21,435.0,87225.06,193.18,86964.29,87500.0,186.43,87455.75,458.12,86720.0,88364.0,175.36,87278.16,1138.55,84111.69,89269.23,273.0,-288.14,-0.33,-424.6,-0.49,2178.08,2.57,-375.0,50.0,0,1,-313.87,,,-0.42,0
Sunflower Oil,Refined,NCDEX,Mumbai,Maharashtra,2024-04-22,86826.09,82484.79,91167.39,115.0,99.85,99.85,Quintal,2024,4,22,0,113,17,2,0,April,Summer,0,1,0,0,0,0,8682.600000000006,10.0,0,86964.29,140.0,87500.0,10.0,84849.18,305.0,87128.78,201.08,86826.09,87400.0,201.43,87463.33,445.72,86826.09,88364.0,172.86,87344.05,1046.62,84111.69,89269.23,266.67,-138.2,-0.16,-673.91,-0.77,1976.91,2.33,-25.0,105.0,0,1,-517.96,,,-0.51,0
Sunflower Oil,Refined,NCDEX,Mumbai,Maharashtra,2024-04-23,87183.78,82824.59,91542.97,185.0,161.29,161.29,Quintal,2024,4,23,1,114,17,2,0,April,Summer,0,1,0,0,0,0,8718.380000000005,10.0,0,86826.09,115.0,87258.82,85.0,84111.69,385.0,87118.06,194.9,86826.09,87400.0,215.71,87411.43,431.75,86826.09,88364.0,175.71,87446.46,851.57,84937.86,89269.23,260.0,357.69,0.41,-75.04,-0.09,3072.09,3.65,70.0,100.0,0,1,-262.68,,,-0.25,0
Sunflower Oil,Refined,NCDEX,Mumbai,Maharashtra,2024-04-24,86990.0,82640.5,91339.5,100.0,86.99,86.99,Quintal,2024,4,24,2,115,17,2,0,April,Summer,0,1,0,0,0,0,8699.0,10.0,0,87183.78,185.0,87009.09,110.0,84937.86,515.0,87115.34,196.8,86826.09,87400.0,214.29,87354.02,430.44,86826.09,88364.0,171.43,87514.86,714.5,85960.47,89269.23,246.17,-193.78,-0.22,-19.09,-0.02,2052.14,2.42,-85.0,-10.0,0,1,-524.86,,,-0.56,0
Sunflower Oil,Refined,NCDEX,Mumbai,Maharashtra,2024-04-25,86304.92,81989.67,90620.17,305.0,263.23,263.23,Quintal,2024,4,25,3,116,17,2,0,April,Summer,0,1,0,0,0,0,8630.5,10.0,0,86990.0,100.0,87400.0,120.0,85960.47,430.0,86958.9,325.79,86304.92,87252.43,240.71,87206.94,410.09,86304.92,88116.98,175.36,87526.34,691.04,86285.19,89269.23,242.0,-685.08,-0.79,-1095.08,-1.25,344.45,0.4,205.0,185.0,0,1,-1221.42,,,0.18,1
Sunflower Oil,Refined,NCDEX,Mumbai,Maharashtra,2024-04-26,86620.0,82289.0,90951.0,50.0,43.31,43.31,Quintal,2024,4,26,4,117,17,2,0,April,Summer,0,1,0,0,0,0,8662.0,10.0,0,86304.92,305.0,87190.77,325.0,87123.81,525.0,86877.36,329.49,86304.92,87252.43,201.43,87100.01,344.47,86304.92,87511.11,160.0,87509.55,707.1,86285.19,89269.23,226.17,315.08,0.37,-570.77,-0.65,-503.81,-0.58,-255.0,-275.0,0,1,-889.55,,,-0.74,0
Sunflower Oil,Refined,NCDEX,Mumbai,Maharashtra,2024-04-29,86483.67,82159.49,90807.85,490.0,423.77,423.77,Quintal,2024,4,29,0,120,18,2,0,April,Summer,0,1,0,0,0,0,8648.36,10.0,0,86620.0,50.0,87252.43,515.0,87564.1,195.0,86767.54,311.25,86304.92,87183.78,197.86,87026.62,359.28,86304.92,87500.0,188.57,87473.53,731.32,86285.19,89269.23,236.0,-136.33,-0.16,-768.76,-0.88,-1080.43,-1.23,440.0,-25.0,0,1,-989.86,,,0.85,1
Sunflower Oil,Refined,NCDEX,Mumbai,Maharashtra,2024-04-30,85812.63,81522.0,90103.26,475.0,407.61,407.61,Quintal,2024,4,30,1,121,18,2,0,April,Summer,0,1,0,0,0,0,8581.259999999995,10.0,0,86483.67,490.0,86964.29,140.0,88407.46,670.0,86603.01,459.15,85812.63,87183.78,245.71,86914.04,467.65,85812.63,87500.0,216.07,87387.04,769.51,85812.63,89269.23,229.5,-671.04,-0.78,-1151.66,-1.32,-2594.83,-2.94,-15.0,335.0,0,1,-1574.41,,,0.79,1
Sunflower Oil,Refined,NCDEX,Mumbai,Maharashtra,2024-05-02,85506.06,81230.76,89781.36,330.0,282.17,282.17,Quintal,2024,5,2,3,123,18,2,0,May,Summer,0,0,0,0,0,0,8550.600000000006,10.0,0,85812.63,475.0,86826.09,115.0,89269.23,390.0,86414.44,601.32,85506.06,87183.78,276.43,86771.61,568.27,85506.06,87400.0,238.93,87261.6,758.75,85506.06,88630.0,227.5,-306.57,-0.36,-1320.03,-1.52,-3763.17,-4.22,-145.0,215.0,0,1,-1755.54,,,0.27,1
Sunflower Oil,Refined,NCDEX,Mumbai,Maharashtra,2024-05-03,84885.71,80641.42,89130.0,140.0,118.84,118.84,Quintal,2024,5,3,4,124,18,2,0,May,Summer,0,0,0,0,0,0,8488.580000000002,10.0,0,85506.06,330.0,87183.78,185.0,88618.52,270.0,86086.14,725.74,84885.71,86990.0,270.0,86602.1,739.81,84885.71,87400.0,242.86,87137.17,831.17,84885.71,88630.0,223.17,-620.35,-0.73,-2298.07,-2.64,-3732.81,-4.21,-190.0,-45.0,0,1,-2251.46,,,-0.42,0
Sunflower Oil,Refined,NCDEX,Mumbai,Maharashtra,2024-05-06,85157.14,80899.28,89415.0,70.0,59.61,59.61,Quintal,2024,5,6,0,127,19,2,0,May,Summer,0,0,0,0,0,0,8515.720000000001,10.0,0,84885.71,140.0,86990.0,100.0,88630.0,200.0,85824.3,674.09,84885.71,86620.0,265.71,86469.82,822.4,84885.71,87400.0,240.0,87021.41,857.51,84885.71,88364.0,218.83,271.43,0.32,-1832.86,-2.11,-3472.86,-3.92,-70.0,-30.0,0,1,-1864.27,,,-0.67,0
Sunflower Oil,Refined,NCDEX,Mumbai,Maharashtra,2024-05-07,85458.82,81185.88,89731.76,85.0,72.64,72.64,Quintal,2024,5,7,1,128,19,2,0,May,Summer,0,0,0,0,0,0,8545.87999999999,10.0,0,85157.14,70.0,86304.92,305.0,87778.72,235.0,85703.43,648.93,84885.71,86620.0,234.29,86331.16,817.13,84885.71,87252.43,237.5,86944.08,890.82,84885.71,88364.0,213.83,301.68,0.35,-846.1,-0.98,-2319.9,-2.64,15.0,-220.0,0,1,-1485.26,,,-0.62,0
Sunflower Oil,Refined,NCDEX,Mumbai,Maharashtra,2024-05-08,85563.64,81285.46,89841.82,55.0,47.06,47.06,Quintal,2024,5,8,2,129,19,2,0,May,Summer,0,0,0,0,0,0,8556.36,10.0,0,85458.82,85.0,86620.0,50.0,87729.03,155.0,85552.52,507.73,84885.71,86483.67,235.0,86214.94,801.02,84885.71,87252.43,218.21,86871.9,912.49,84885.71,88364.0,210.5,104.82,0.12,-1056.36,-1.22,-2165.39,-2.47,-30.0,5.0,0,1,-1308.26,,,-0.72,0
Sunflower Oil,Refined,NCDEX,Mumbai,Maharashtra,2024-05-09,85650.0,81367.5,89932.5,20.0,17.13,17.13,Quintal,2024,5,9,3,130,19,2,0,May,Summer,0,0,0,0,0,0,8565.0,10.0,0,85563.64,55.0,86483.67,490.0,88200.0,160.0,85433.43,313.56,84885.71,85812.63,167.86,86100.48,754.5,84885.71,87183.78,182.86,86786.9,903.23,84885.71,88364.0,205.83,86.36,0.1,-833.67,-0.96,-2550.0,-2.89,-35.0,-470.0,0,1,-1136.9,,,-0.85,0
Sunflower Oil,Refined,NCDEX,Mumbai,Maharashtra,2024-05-10,85488.89,81214.45,89763.33,135.0,115.41,115.41,Quintal,2024,5,10,4,131,19,2,0,May,Summer,0,0,0,0,0,0,8548.880000000005,10.0,0,85650.0,20.0,85812.63,475.0,87355.56,495.0,85387.18,269.01,84885.71,85650.0,119.29,85995.1,727.11,84885.71,87183.78,182.5,86724.68,926.7,84885.71,88364.0,193.83,-161.11,-0.19,-323.74,-0.38,-1866.67,-2.14,115.0,-340.0,0,1,-1235.79,,,-0.43,0
Sunflower Oil,Refined,NCDEX,Mumbai,Maharashtra,2024-05-13,86104.92,81799.67,90410.17,305.0,262.62,262.62,Quintal,2024,5,13,0,134,20,2,0,May,Summer,0,0,0,0,0,0,8610.5,10.0,0,85488.89,135.0,85506.06,330.0,87143.4,265.0,85472.73,383.84,84885.71,86104.92,115.71,85943.58,688.22,84885.71,87183.78,196.07,86690.06,929.91,84885.71,88364.0,195.17,616.03,0.72,598.86,0.7,-1038.48,-1.19,170.0,-25.0,0,1,-585.14,,,0.18,1
Sunflower Oil,Refined,NCDEX,Mumbai,Maharashtra,2024-05-14,85920.88,81624.84,90216.92,455.0,390.94,390.94,Quintal,2024,5,14,1,135,20,2,0,May,Summer,0,0,0,0,0,0,8592.080000000002,10.0,0,86104.92,305.0,84885.71,140.0,86285.19,540.0,85620.61,312.83,85157.14,86104.92,160.71,85853.38,588.73,84885.71,86990.0,215.36,86677.92,937.72,84885.71,88364.0,192.33,-184.04,-0.21,1035.17,1.22,-364.31,-0.42,150.0,315.0,0,1,-757.04,,,0.72,1
Sunflower Oil,Refined,NCDEX,Mumbai,Maharashtra,2024-05-15,85500.0,81225.0,89775.0,140.0,119.7,119.7,Quintal,2024,5,15,2,136,20,2,0,May,Summer,0,0,0,0,0,0,8550.0,10.0,0,85920.88,455.0,85157.14,70.0,86720.0,150.0,85669.59,248.36,85458.82,86104.92,170.71,85746.95,494.61,84885.71,86620.0,218.21,86637.25,961.98,84885.71,88364.0,192.0,-420.88,-0.49,342.86,0.4,-1220.0,-1.41,-315.0,70.0,0,1,-1137.25,,,-0.42,0
Sunflower Oil,Refined,NCDEX,Mumbai,Maharashtra,2024-05-16,85520.0,81244.0,89796.0,25.0,21.38,21.38,Quintal,2024,5,16,3,137,20,2,0,May,Summer,0,0,0,0,0,0,8552.0,10.0,0,85500.0,140.0,85458.82,85.0,87910.34,145.0,85678.33,240.67,85488.89,86104.92,162.14,85690.88,470.39,84885.71,86620.0,198.21,86557.58,951.83,84885.71,88364.0,188.0,20.0,0.02,61.18,0.07,-2390.34,-2.72,-115.0,-60.0,0,1,-1037.58,,,-0.83,0
Sunflower Oil,Refined,NCDEX,Mumbai,Maharashtra,2024-05-17,86068.57,81765.14,90372.0,175.0,150.62,150.62,Quintal,2024,5,17,4,138,20,2,0,May,Summer,0,0,0,0,0,0,8606.86,10.0,0,85520.0,25.0,85563.64,55.0,87793.75,160.0,85750.47,273.93,85488.89,86104.92,179.29,85651.5,405.17,84885.71,86483.67,207.14,86500.07,926.35,84885.71,88364.0,188.5,548.57,0.64,504.93,0.59,-1725.18,-1.97,150.0,120.0,0,1,-431.5,,,-0.29,0
Sunflower Oil,Refined,NCDEX,Mumbai,Maharashtra,2024-05-21,86674.19,82340.48,91007.9,310.0,268.69,268.69,Quintal,2024,5,21,1,142,21,2,0,May,Summer,0,0,0,0,0,0,8667.419999999998,10.0,0,86068.57,175.0,85650.0,20.0,88364.0,250.0,85896.78,436.57,85488.89,86674.19,220.71,85665.1,437.2,84885.71,86674.19,194.29,86443.74,857.95,84885.71,88116.98,190.5,605.62,0.7,1024.19,1.2,-1689.81,-1.91,135.0,290.0,0,1,230.45,,,0.2,1
Sunflower Oil,Refined,NCDEX,Mumbai,Maharashtra,2024-05-22,87492.04,83117.44,91866.64,565.0,494.33,494.33,Quintal,2024,5,22,2,143,21,2,0,May,Summer,0,0,0,0,0,0,8749.199999999997,10.0,0,86674.19,310.0,85488.89,135.0,88116.98,265.0,86182.94,701.05,85500.0,87492.04,282.14,85785.06,656.29,84885.71,87492.04,200.71,86422.91,822.79,84885.71,87511.11,200.5,817.85,0.94,2003.15,2.34,-624.94,-0.71,255.0,430.0,0,1,1069.13,,,1.12,1
Sunflower Oil,Refined,NCDEX,Mumbai,Maharashtra,2024-05-23,88711.11,84275.55,93146.67,360.0,319.36,319.36,Quintal,2024,5,23,3,144,21,2,0,May,Summer,0,0,0,0,0,0,8871.119999999995,10.0,0,87492.04,565.0,86104.92,305.0,87511.11,90.0,86555.26,1180.68,85500.0,88711.11,290.0,86013.99,1013.35,84885.71,88711.11,202.86,86462.91,902.8,84885.71,88711.11,209.5,1219.07,1.39,2606.19,3.03,1200.0,1.37,-205.0,55.0,1,0,2248.2,,,0.38,1
Sunflower Oil,Refined,NCDEX,Mumbai,Maharashtra,2024-05-24,88940.0,84493.0,93387.0,150.0,133.41,133.41,Quintal,2024,5,24,4,145,21,2,0,May,Summer,0,0,0,0,0,0,8894.0,10.0,0,88711.11,360.0,85920.88,455.0,87388.89,90.0,86986.56,1434.48,85500.0,88940.0,246.43,86303.59,1223.61,85157.14,88940.0,203.57,86514.62,997.14,84885.71,88940.0,211.5,228.89,0.26,3019.12,3.51,1551.11,1.77,-210.0,-305.0,1,0,2425.38,,,-0.38,0
Sunflower Oil,Refined,NCDEX,Mumbai,Maharashtra,2024-05-27,89358.33,84890.41,93826.25,360.0,321.69,321.69,Quintal,2024,5,27,0,148,22,2,0,May,Summer,0,0,0,0,0,0,8935.839999999997,10.0,0,88940.0,150.0,85500.0,140.0,87500.0,10.0,87537.75,1507.49,85520.0,89358.33,277.86,86603.67,1420.19,85458.82,89358.33,224.29,86576.56,1111.62,84885.71,89358.33,223.17,418.33,0.47,3858.33,4.51,1858.33,2.12,210.0,220.0,1,0,2781.77,,,0.38,1
Sunflower Oil,Refined,NCDEX,Mumbai,Maharashtra,2024-05-28,90064.52,85561.29,94567.75,155.0,139.6,139.6,Quintal,2024,5,28,1,149,22,2,0,May,Summer,0,0,0,0,0,0,9006.460000000006,10.0,0,89358.33,360.0,85520.0,25.0,87258.82,85.0,88186.97,1471.85,86068.57,90064.52,296.43,86932.65,1649.52,85488.89,90064.52,229.29,86670.08,1276.76,84885.71,90064.52,225.5,706.19,0.79,4544.52,5.31,2805.7,3.22,-205.0,130.0,1,0,3394.44,,,-0.36,0
Sunflower Oil,Refined,NCDEX,Mumbai,Maharashtra,2024-05-29,89460.0,84987.0,93933.0,50.0,44.73,44.73,Quintal,2024,5,29,2,150,22,2,0,May,Summer,0,0,0,0,0,0,8946.0,10.0,0,90064.52,155.0,86068.57,175.0,87009.09,110.0,88671.46,1189.4,86674.19,90064.52,278.57,87210.96,1727.62,85488.89,90064.52,228.93,86751.78,1373.91,84885.71,90064.52,223.5,-604.52,-0.67,3391.43,3.94,2450.91,2.82,-105.0,-125.0,1,0,2708.22,,,-0.74,0
Sunflower Oil,Refined,NCDEX,Mumbai,Maharashtra,2024-05-30,89620.0,85139.0,94101.0,100.0,89.62,89.62,Quintal,2024,5,30,3,151,22,2,0,May,Summer,0,0,0,0,0,0,8962.0,10.0,0,89460.0,50.0,86674.19,310.0,87400.0,120.0,89092.29,832.57,87492.04,90064.52,248.57,87494.53,1776.82,85488.89,90064.52,234.64,86825.78,1466.69,84885.71,90064.52,222.83,160.0,0.18,2945.81,3.4,2220.0,2.54,50.0,-210.0,1,0,2794.22,,,-0.56,0
Sunflower Oil,Refined,NCDEX,Mumbai,Maharashtra,2024-05-31,91411.88,86841.29,95982.47,505.0,461.63,461.63,Quintal,2024,5,31,4,152,22,2,0,May,Summer,0,0,0,0,0,0,9141.180000000008,10.0,0,89620.0,100.0,87492.04,565.0,87190.77,325.0,89652.26,892.91,88711.11,91411.88,240.0,87917.6,1958.4,85500.0,91411.88,261.07,86966.48,1688.59,84885.71,91411.88,228.83,1791.88,2.0,3919.84,4.48,4221.11,4.84,405.0,-60.0,1,0,4445.4,,,0.9,1
Groundnut Oil,Filtered,Rajkot,Rajkot,Gujarat,2024-06-01,52384.97,49241.87,55528.07,652.0,341.55,58.75,Quintal,2024,6,1,5,153,22,2,1,June,Monsoon,0,0,0,0,0,0,6286.199999999997,12.0,1,31875.0,8.0,66804.14,725.0,,,63334.8,24397.49,31875.0,103142.86,235.29,70248.0,24732.15,29555.56,107771.43,233.57,70652.31,23883.88,29555.56,107771.43,257.67,20509.97,64.35,-14419.17,-21.58,,,644.0,-73.0,0,1,-18267.34,,,1.55,1
Sunflower Oil,Refined,NCDEX,Mumbai,Maharashtra,2024-06-03,91865.22,87271.96,96458.48,230.0,211.29,211.29,Quintal,2024,6,3,0,155,23,2,0,June,Monsoon,0,0,0,0,0,0,9186.51999999999,10.0,0,91411.88,505.0,88711.11,360.0,87252.43,515.0,90102.85,1108.6,88940.0,91865.22,221.43,88329.05,2144.53,85500.0,91865.22,255.71,87120.24,1910.91,84885.71,91865.22,219.33,453.34,0.5,3154.11,3.56,4612.79,5.29,-275.0,-130.0,1,0,4744.98,,,-0.09,0
Sunflower Oil,Refined,NCDEX,Mumbai,Maharashtra,2024-06-04,91007.41,86457.04,95557.78,135.0,122.86,122.86,Quintal,2024,6,4,1,156,23,2,0,June,Monsoon,0,0,0,0,0,0,9100.740000000005,10.0,0,91865.22,230.0,88940.0,150.0,86964.29,140.0,90398.19,1018.93,89358.33,91865.22,219.29,88692.38,2136.01,85500.0,91865.22,232.86,87255.01,2037.89,84885.71,91865.22,219.17,-857.81,-0.93,2067.41,2.32,4043.12,4.65,-95.0,-15.0,1,0,3752.4,,,-0.43,0
Sunflower Oil,Refined,NCDEX,Mumbai,Maharashtra,2024-06-05,91505.56,86930.28,96080.84,180.0,164.71,164.71,Quintal,2024,6,5,2,157,23,2,0,June,Monsoon,0,0,0,0,0,0,9150.559999999998,10.0,0,91007.41,135.0,89358.33,360.0,86826.09,115.0,90704.94,976.01,89460.0,91865.22,193.57,89121.34,2046.76,85520.0,91865.22,235.71,87411.0,2178.18,84885.71,91865.22,221.33,498.15,0.55,2147.23,2.4,4679.47,5.39,45.0,-180.0,1,0,4094.56,,,-0.27,0
Sunflower Oil,Refined,NCDEX,Mumbai,Maharashtra,2024-06-06,91614.29,87033.58,96195.0,70.0,64.13,64.13,Quintal,2024,6,6,3,158,23,2,0,June,Monsoon,0,0,0,0,0,0,9161.419999999998,10.0,0,91505.56,180.0,90064.52,155.0,87183.78,185.0,90926.34,982.28,89460.0,91865.22,181.43,89556.65,1861.59,86068.57,91865.22,238.93,87558.68,2308.54,84885.71,91865.22,217.5,108.73,0.12,1549.77,1.72,4430.51,5.08,-110.0,-85.0,1,0,4055.61,,,-0.67,0
Sunflower Oil,Refined,NCDEX,Mumbai,Maharashtra,2024-06-07,92120.0,87514.0,96726.0,25.0,23.03,23.03,Quintal,2024,6,7,4,159,23,2,0,June,Monsoon,0,0,0,0,0,0,9212.0,10.0,0,91614.29,70.0,89460.0,50.0,86990.0,100.0,91306.34,821.9,89620.0,92120.0,177.86,89988.9,1683.41,86674.19,92120.0,228.21,87729.68,2450.59,84885.71,92120.0,215.0,505.71,0.55,2660.0,2.97,5130.0,5.9,-45.0,-25.0,1,0,4390.32,,,-0.83,0
Sunflower Oil,Refined,NCDEX,Mumbai,Maharashtra,2024-06-10,92533.33,87906.66,97160.0,45.0,41.64,41.64,Quintal,2024,6,10,0,162,24,2,0,June,Monsoon,0,0,0,0,0,0,9253.339999999997,10.0,0,92120.0,25.0,89620.0,100.0,86304.92,305.0,91722.53,500.41,91007.41,92533.33,170.0,90407.41,1515.94,87492.04,92533.33,209.29,87937.29,2585.83,84885.71,92533.33,206.33,413.33,0.45,2913.33,3.25,6228.41,7.22,20.0,-55.0,1,0,4596.04,,,-0.76,0
Sunflower Oil,Refined,NCDEX,Mumbai,Maharashtra,2024-06-11,93077.78,88423.89,97731.67,180.0,167.54,167.54,Quintal,2024,6,11,1,163,24,2,0,June,Monsoon,0,0,0,0,0,0,9307.779999999999,10.0,0,92533.33,45.0,91411.88,505.0,86620.0,50.0,91960.51,688.74,91007.41,93077.78,123.57,90806.39,1421.75,88711.11,93077.78,181.79,88152.55,2736.77,84885.71,93077.78,210.67,544.45,0.59,1665.9,1.82,6457.78,7.46,135.0,-325.0,1,0,4925.23,,,-0.27,0
Sunflower Oil,Refined,NCDEX,Mumbai,Maharashtra,2024-06-12,93680.0,88996.0,98364.0,150.0,140.52,140.52,Quintal,2024,6,12,2,164,24,2,0,June,Monsoon,0,0,0,0,0,0,9368.0,10.0,0,93077.78,180.0,91865.22,230.0,86483.67,490.0,92219.77,941.92,91007.41,93680.0,112.14,91161.31,1477.57,88940.0,93680.0,166.79,88392.43,2896.19,84885.71,93680.0,199.33,602.22,0.65,1814.78,1.98,7196.33,8.32,-30.0,-80.0,1,0,5287.57,,,-0.38,0
Sunflower Oil,Refined,NCDEX,Mumbai,Maharashtra,2024-06-13,93933.33,89236.66,98630.0,90.0,84.54,84.54,Quintal,2024,6,13,3,165,24,2,0,June,Monsoon,0,0,0,0,0,0,9393.339999999997,10.0,0,93680.0,150.0,91007.41,135.0,85812.63,475.0,92637.76,963.22,91505.56,93933.33,105.71,91517.98,1502.58,89358.33,93933.33,162.5,88663.12,3023.45,84885.71,93933.33,186.5,253.33,0.27,2925.92,3.22,8120.7,9.46,-60.0,-45.0,1,0,5270.21,,,-0.6,0
Sunflower Oil,Refined,NCDEX,Mumbai,Maharashtra,2024-06-14,94294.74,89580.0,99009.48,95.0,89.58,89.58,Quintal,2024,6,14,4,166,24,2,0,June,Monsoon,0,0,0,0,0,0,9429.479999999996,10.0,0,93933.33,90.0,91505.56,180.0,85506.06,330.0,93036.21,993.24,91614.29,94294.74,93.57,91870.58,1535.64,89460.0,94294.74,143.57,88956.08,3130.88,84885.71,94294.74,178.67,361.41,0.38,2789.18,3.05,8788.68,10.28,5.0,-85.0,1,0,5338.66,,,-0.58,0
Sunflower Oil,Refined,NCDEX,Mumbai,Maharashtra,2024-06-18,94000.0,89300.0,98700.0,45.0,42.3,42.3,Quintal,2024,6,18,1,170,25,2,0,June,Monsoon,0,0,0,0,0,0,9400.0,10.0,0,94294.74,95.0,91614.29,70.0,84885.71,140.0,93377.03,817.83,92120.0,94294.74,90.0,92151.68,1539.8,89460.0,94294.74,135.71,89259.89,3164.32,85157.14,94294.74,175.5,-294.74,-0.31,2385.71,2.6,9114.29,10.74,-50.0,-25.0,1,0,4740.11,,,-0.76,0
Sunflower Oil,Refined,NCDEX,Mumbai,Maharashtra,2024-06-19,94470.59,89747.06,99194.12,170.0,160.6,160.6,Quintal,2024,6,19,2,171,25,2,0,June,Monsoon,0,0,0,0,0,0,9447.059999999998,10.0,0,94000.0,45.0,92120.0,25.0,85157.14,70.0,93712.82,687.93,92533.33,94470.59,110.71,92509.58,1445.46,89620.0,94470.59,144.29,89570.33,3204.53,85458.82,94470.59,178.83,470.59,0.5,2350.59,2.55,9313.45,10.94,125.0,145.0,1,0,4900.26,,,-0.31,0
Sunflower Oil,Refined,NCDEX,Mumbai,Maharashtra,2024-06-20,93895.65,89200.87,98590.43,115.0,107.98,107.98,Quintal,2024,6,20,3,172,25,2,0,June,Monsoon,0,0,0,0,0,0,9389.559999999998,10.0,0,94470.59,170.0,92533.33,45.0,85458.82,85.0,93907.44,450.29,93077.78,94470.59,120.71,92814.98,1222.47,91007.41,94470.59,145.36,89851.56,3201.47,85488.89,94470.59,179.83,-574.94,-0.61,1362.32,1.47,8436.83,9.87,-55.0,70.0,1,0,4044.09,,,-0.51,0
Sunflower Oil,Refined,NCDEX,Mumbai,Maharashtra,2024-06-21,94326.32,89610.0,99042.64,190.0,179.22,179.22,Quintal,2024,6,21,4,173,25,2,0,June,Monsoon,0,0,0,0,0,0,9432.64,10.0,0,93895.65,115.0,93077.78,180.0,85563.64,55.0,94085.8,283.14,93680.0,94470.59,122.14,93023.16,1213.27,91007.41,94470.59,122.86,90143.65,3196.5,85488.89,94470.59,184.33,430.67,0.46,1248.54,1.34,8762.68,10.24,75.0,10.0,1,0,4182.67,,,-0.24,0
Sunflower Oil,Refined,NCDEX,Mumbai,Maharashtra,2024-06-24,93974.55,89275.82,98673.28,275.0,258.43,258.43,Quintal,2024,6,24,0,176,26,2,0,June,Monsoon,0,0,0,0,0,0,9397.459999999992,10.0,0,94326.32,190.0,93680.0,150.0,85650.0,20.0,94127.88,229.61,93895.65,94470.59,140.0,93173.82,1189.14,91007.41,94470.59,126.07,90421.14,3154.0,85488.89,94470.59,192.83,-351.77,-0.37,294.55,0.31,8324.55,9.72,85.0,125.0,1,0,3553.41,,,0.07,1
Sunflower Oil,Refined,NCDEX,Mumbai,Maharashtra,2024-06-25,92756.92,88119.07,97394.77,650.0,602.92,602.92,Quintal,2024,6,25,1,177,26,2,0,June,Monsoon,0,0,0,0,0,0,9275.699999999997,10.0,0,93974.55,275.0,93933.33,90.0,85488.89,135.0,93959.82,571.59,92756.92,94470.59,220.0,93298.79,1024.49,91505.56,94470.59,162.86,90663.4,3039.12,85500.0,94470.59,210.0,-1217.63,-1.3,-1176.41,-1.25,7268.03,8.5,375.0,560.0,1,0,2093.52,,,1.43,1
Sunflower Oil,Refined,NCDEX,Mumbai,Maharashtra,2024-06-26,92442.11,87820.0,97064.22,95.0,87.82,87.82,Quintal,2024,6,26,2,178,26,2,0,June,Monsoon,0,0,0,0,0,0,9244.220000000001,10.0,0,92756.92,650.0,94294.74,95.0,86104.92,305.0,93695.16,781.16,92442.11,94470.59,220.0,93365.69,924.04,91614.29,94470.59,156.79,90874.64,2929.62,85500.0,94470.59,203.0,-314.81,-0.34,-1852.63,-1.96,6337.19,7.36,-555.0,0.0,1,0,1567.47,,,-0.58,0
Sunflower Oil,Refined,NCDEX,Mumbai,Maharashtra,2024-06-27,91955.93,87358.13,96553.73,295.0,271.27,271.27,Quintal,2024,6,27,3,179,26,2,0,June,Monsoon,0,0,0,0,0,0,9195.599999999991,10.0,0,92442.11,95.0,94000.0,45.0,85920.88,455.0,93403.15,999.7,91955.93,94470.59,255.71,93390.09,877.58,91955.93,94470.59,172.86,91075.81,2781.17,85500.0,94470.59,197.67,-486.18,-0.53,-2044.07,-2.17,6035.05,7.02,200.0,250.0,1,0,880.12,,,0.14,1
Sunflower Oil,Refined,NCDEX,Mumbai,Maharashtra,2024-06-28,92044.44,87442.22,96646.66,360.0,331.36,331.36,Quintal,2024,6,28,4,180,26,2,0,June,Monsoon,0,0,0,0,0,0,9204.440000000002,10.0,0,91955.93,295.0,94470.59,170.0,85500.0,140.0,93056.56,988.45,91955.93,94326.32,282.86,93384.69,886.18,91955.93,94470.59,196.79,91293.96,2577.98,85520.0,94470.59,205.0,88.51,0.1,-2426.15,-2.57,6544.44,7.65,65.0,190.0,1,0,750.48,,,0.38,1
Sunflower Oil,Refined,NCDEX,Mumbai,Maharashtra,2024-07-01,92731.03,88094.48,97367.58,145.0,134.46,134.46,Quintal,2024,7,1,0,183,27,3,0,July,Monsoon,0,0,0,0,0,0,9273.100000000006,10.0,0,92044.44,360.0,93895.65,115.0,85520.0,25.0,92890.19,919.27,91955.93,94326.32,287.14,93398.81,873.05,91955.93,94470.59,203.93,91534.33,2346.87,86068.57,94470.59,209.0,686.59,0.75,-1164.62,-1.24,7211.03,8.43,-215.0,30.0,1,0,1196.7,,,-0.4,0
Groundnut Oil,Filtered,Rajkot,Rajkot,Gujarat,2024-07-01,64153.15,60303.96,68002.34,111.0,71.21,2.31,Quintal,2024,7,1,0,183,27,3,0,July,Monsoon,0,0,0,0,0,0,7698.379999999997,12.0,1,52384.97,652.0,80894.74,114.0,,,60943.14,23179.38,31875.0,103142.86,234.86,69457.1,24737.76,29555.56,107771.43,234.86,70246.11,23131.15,29555.56,107771.43,248.5,11768.18,22.46,-16741.59,-20.7,,,-541.0,-3.0,0,1,-6092.96,,,-0.31,0
Sunflower Oil,Refined,NCDEX,Mumbai,Maharashtra,2024-07-02,92911.11,88265.55,97556.67,45.0,41.81,41.81,Quintal,2024,7,2,1,184,27,3,0,July,Monsoon,0,0,0,0,0,0,9291.119999999995,10.0,0,92731.03,145.0,94326.32,190.0,86068.57,175.0,92688.01,673.57,91955.93,93974.55,266.43,93386.91,878.88,91955.93,94470.59,194.29,91762.41,2118.78,86674.19,94470.59,204.67,180.08,0.19,-1415.21,-1.5,6842.54,7.95,-100.0,-145.0,1,0,1148.7,,,-0.76,0
Sunflower Oil,Refined,NCDEX,Mumbai,Maharashtra,2024-07-03,92933.33,88286.66,97580.0,30.0,27.88,27.88,Quintal,2024,7,3,2,185,27,3,0,July,Monsoon,0,0,0,0,0,0,9293.339999999997,10.0,0,92911.11,45.0,93974.55,275.0,86674.19,310.0,92539.27,402.55,91955.93,92933.33,231.43,93333.58,882.37,91955.93,94470.59,185.71,91971.05,1897.02,87492.04,94470.59,195.33,22.22,0.02,-1041.22,-1.11,6259.14,7.22,-15.0,-245.0,1,0,962.28,,,-0.81,0
Sunflower Oil,Refined,NCDEX,Mumbai,Maharashtra,2024-07-04,93389.47,88720.0,98058.94,190.0,177.44,177.44,Quintal,2024,7,4,3,186,27,3,0,July,Monsoon,0,0,0,0,0,0,9338.940000000002,10.0,0,92933.33,30.0,92756.92,650.0,87492.04,565.0,92629.63,514.88,91955.93,93389.47,165.71,93294.73,865.75,91955.93,94470.59,192.86,92167.63,1713.57,88711.11,94470.59,182.83,456.14,0.49,632.55,0.68,5897.43,6.74,160.0,-460.0,1,0,1221.84,,,-0.24,0
Sunflower Oil,Refined,NCDEX,Mumbai,Maharashtra,2024-07-05,92993.1,88343.44,97642.76,145.0,134.84,134.84,Quintal,2024,7,5,4,187,27,3,0,July,Monsoon,0,0,0,0,0,0,9299.319999999992,10.0,0,93389.47,190.0,92442.11,95.0,88711.11,360.0,92708.34,523.48,91955.93,93389.47,172.86,93201.75,818.71,91955.93,94470.59,196.43,92310.36,1589.58,88940.0,94470.59,175.67,-396.37,-0.42,550.99,0.6,4281.99,4.83,-45.0,50.0,1,0,682.74,,,-0.4,0
Sunflower Oil,Refined,NCDEX,Mumbai,Maharashtra,2024-07-08,92352.94,87735.29,96970.59,85.0,78.5,78.5,Quintal,2024,7,8,0,190,28,3,0,July,Monsoon,0,0,0,0,0,0,9235.300000000003,10.0,0,92993.1,145.0,91955.93,295.0,88940.0,150.0,92765.06,443.81,92044.44,93389.47,142.86,93084.11,813.51,91955.93,94470.59,199.29,92424.13,1456.62,89358.33,94470.59,173.5,-640.16,-0.69,397.01,0.43,3412.94,3.84,-60.0,-210.0,1,0,-71.19,,,-0.62,0
Sunflower Oil,Refined,NCDEX,Mumbai,Maharashtra,2024-07-09,91500.0,86925.0,96075.0,150.0,137.25,137.25,Quintal,2024,7,9,1,191,28,3,0,July,Monsoon,0,0,0,0,0,0,9150.0,10.0,0,92352.94,85.0,92044.44,360.0,89358.33,360.0,92687.28,608.35,91500.0,93389.47,112.86,92871.92,811.46,91500.0,94326.32,197.86,92495.52,1349.74,89460.0,94470.59,166.5,-852.94,-0.92,-544.44,-0.59,2141.67,2.4,65.0,-210.0,1,0,-995.52,,,-0.38,0
Sunflower Oil,Refined,NCDEX,Mumbai,Maharashtra,2024-07-10,90768.12,86229.71,95306.53,345.0,313.15,313.15,Quintal,2024,7,10,2,192,28,3,0,July,Monsoon,0,0,0,0,0,0,9076.819999999992,10.0,0,91500.0,150.0,92731.03,145.0,90064.52,155.0,92406.87,944.41,90768.12,93389.47,141.43,92648.53,929.82,90768.12,94326.32,214.29,92518.97,1311.62,89460.0,94470.59,172.83,-731.88,-0.8,-1962.91,-2.12,703.6,0.78,195.0,200.0,0,1,-1750.85,,,0.32,1
Sunflower Oil,Refined,NCDEX,Mumbai,Maharashtra,2024-07-11,92028.57,87427.14,96630.0,140.0,128.84,128.84,Quintal,2024,7,11,3,193,28,3,0,July,Monsoon,0,0,0,0,0,0,9202.86,10.0,0,90768.12,345.0,92911.11,45.0,89460.0,50.0,92280.79,924.57,90768.12,93389.47,155.0,92484.4,805.34,90768.12,93974.55,210.71,92604.59,1182.53,89620.0,94470.59,175.83,1260.45,1.39,-882.54,-0.95,2568.57,2.87,-205.0,95.0,0,1,-576.02,,,-0.42,0
Sunflower Oil,Refined,NCDEX,Mumbai,Maharashtra,2024-07-12,92329.41,87712.94,96945.88,85.0,78.48,78.48,Quintal,2024,7,12,4,194,28,3,0,July,Monsoon,0,0,0,0,0,0,9232.940000000002,10.0,0,92028.57,140.0,92933.33,30.0,89620.0,100.0,92194.52,880.67,90768.12,93389.47,162.86,92366.89,681.72,90768.12,93389.47,197.14,92694.9,1041.82,90768.12,94470.59,175.33,300.84,0.33,-603.92,-0.65,2709.41,3.02,-55.0,55.0,0,1,-365.49,,,-0.62,0
Sunflower Oil,Refined,NCDEX,Mumbai,Maharashtra,2024-07-15,90885.71,86341.42,95430.0,105.0,95.43,95.43,Quintal,2024,7,15,0,197,29,3,0,July,Monsoon,0,0,0,0,0,0,9088.580000000002,10.0,0,92329.41,85.0,93389.47,190.0,91411.88,505.0,91836.84,820.87,90768.12,92993.1,150.71,92233.23,776.25,90768.12,93389.47,158.21,92677.37,1068.26,90768.12,94470.59,162.0,-1443.7,-1.56,-2503.76,-2.68,-526.17,-0.58,20.0,-85.0,0,1,-1791.66,,,-0.54,0
Sunflower Oil,Refined,NCDEX,Mumbai,Maharashtra,2024-07-16,91876.92,87283.07,96470.77,65.0,59.72,59.72,Quintal,2024,7,16,1,198,29,3,0,July,Monsoon,0,0,0,0,0,0,9187.699999999997,10.0,0,90885.71,105.0,92993.1,145.0,91865.22,230.0,91677.38,649.31,90768.12,92352.94,139.29,92192.86,779.24,90768.12,93389.47,156.07,92677.76,1067.95,90768.12,94470.59,156.5,991.21,1.09,-1116.18,-1.2,11.7,0.01,-40.0,-80.0,0,1,-800.84,,,-0.69,0
Sunflower Oil,Refined,NCDEX,Mumbai,Maharashtra,2024-07-18,90982.61,86433.48,95531.74,115.0,104.63,104.63,Quintal,2024,7,18,3,200,29,3,0,July,Monsoon,0,0,0,0,0,0,9098.26000000001,10.0,0,91876.92,65.0,92352.94,85.0,91007.41,135.0,91481.62,617.48,90768.12,92329.41,143.57,92123.34,842.83,90768.12,93389.47,143.21,92676.93,1069.3,90768.12,94470.59,155.83,-894.31,-0.97,-1370.33,-1.48,-24.8,-0.03,50.0,30.0,0,1,-1694.32,,,-0.51,0
Sunflower Oil,Refined,NCDEX,Mumbai,Maharashtra,2024-07-19,91000.0,86450.0,95550.0,40.0,36.4,36.4,Quintal,2024,7,19,4,201,29,3,0,July,Monsoon,0,0,0,0,0,0,9100.0,10.0,0,90982.61,115.0,91500.0,150.0,91505.56,180.0,91410.19,643.38,90768.12,92329.41,127.86,92048.74,894.97,90768.12,93389.47,120.36,92660.08,1092.14,90768.12,94470.59,151.17,17.39,0.02,-500.0,-0.55,-505.56,-0.55,-75.0,-110.0,0,1,-1660.08,,,-0.78,0
Sunflower Oil,Refined,NCDEX,Mumbai,Maharashtra,2024-07-22,92320.0,87704.0,96936.0,75.0,69.24,69.24,Quintal,2024,7,22,0,204,30,3,0,July,Monsoon,0,0,0,0,0,0,9232.0,10.0,0,91000.0,40.0,90768.12,345.0,91614.29,70.0,91631.89,652.57,90885.71,92329.41,89.29,92019.38,877.43,90768.12,93389.47,115.36,92683.6,1076.32,90768.12,94470.59,151.33,1320.0,1.45,1551.88,1.71,705.71,0.77,35.0,-270.0,0,1,-363.6,,,-0.65,0
Sunflower Oil,Refined,NCDEX,Mumbai,Maharashtra,2024-07-23,91651.43,87068.86,96234.0,350.0,320.78,320.78,Quintal,2024,7,23,1,205,30,3,0,July,Monsoon,0,0,0,0,0,0,9165.14,10.0,0,92320.0,75.0,92028.57,140.0,92120.0,25.0,91578.01,629.52,90885.71,92329.41,119.29,91929.4,842.86,90768.12,93389.47,137.14,92667.98,1088.12,90768.12,94470.59,162.17,-668.57,-0.72,-377.14,-0.41,-468.57,-0.51,275.0,210.0,0,1,-1016.55,,,0.34,1
Sunflower Oil,Refined,NCDEX,Mumbai,Maharashtra,2024-07-24,91015.38,86464.61,95566.15,130.0,118.32,118.32,Quintal,2024,7,24,2,206,30,3,0,July,Monsoon,0,0,0,0,0,0,9101.539999999994,10.0,0,91651.43,350.0,92329.41,85.0,92533.33,45.0,91390.29,560.22,90885.71,92320.0,125.71,91792.4,822.76,90768.12,93389.47,144.29,92617.38,1129.12,90768.12,94470.59,165.0,-636.05,-0.69,-1314.03,-1.42,-1517.95,-1.64,-220.0,45.0,0,1,-1602.0,,,-0.45,0
Sunflower Oil,Refined,NCDEX,Mumbai,Maharashtra,2024-07-25,90615.15,86084.39,95145.91,330.0,299.03,299.03,Quintal,2024,7,25,3,207,30,3,0,July,Monsoon,0,0,0,0,0,0,9061.520000000004,10.0,0,91015.38,130.0,90885.71,105.0,93077.78,180.0,91351.64,608.12,90615.15,92320.0,157.86,91594.24,738.28,90615.15,92993.1,154.29,92535.3,1182.73,90615.15,94470.59,170.0,-400.23,-0.44,-270.56,-0.3,-2462.63,-2.65,200.0,225.0,0,1,-1920.15,,,0.27,1
Sunflower Oil,Refined,NCDEX,Mumbai,Maharashtra,2024-07-26,91440.0,86868.0,96012.0,25.0,22.86,22.86,Quintal,2024,7,26,4,208,30,3,0,July,Monsoon,0,0,0,0,0,0,9144.0,10.0,0,90615.15,330.0,91876.92,65.0,93680.0,150.0,91289.22,566.19,90615.15,92320.0,152.14,91483.3,618.96,90615.15,92352.94,145.71,92460.63,1178.68,90615.15,94470.59,165.83,824.85,0.91,-436.92,-0.48,-2240.0,-2.39,-305.0,-40.0,0,1,-1020.63,,,-0.83,0
Sunflower Oil,Refined,NCDEX,Mumbai,Maharashtra,2024-07-29,90894.74,86350.0,95439.48,95.0,86.35,86.35,Quintal,2024,7,29,0,211,31,3,0,July,Monsoon,0,0,0,0,0,0,9089.479999999996,10.0,0,91440.0,25.0,90982.61,115.0,93933.33,90.0,91276.67,575.03,90615.15,92320.0,149.29,91379.15,583.01,90615.15,92329.41,146.43,92359.34,1178.32,90615.15,94470.59,166.0,-545.26,-0.6,-87.87,-0.1,-3038.59,-3.23,70.0,-20.0,0,1,-1464.6,,,-0.58,0
Sunflower Oil,Refined,NCDEX,Mumbai,Maharashtra,2024-07-30,89971.43,85472.86,94470.0,105.0,94.47,94.47,Quintal,2024,7,30,1,212,31,3,0,July,Monsoon,0,0,0,0,0,0,8997.14,10.0,0,90894.74,95.0,91000.0,40.0,94294.74,95.0,91129.73,759.38,89971.43,92320.0,158.57,91269.96,691.64,89971.43,92329.41,143.21,92215.23,1197.67,89971.43,94470.59,166.33,-923.31,-1.02,-1028.57,-1.13,-4323.31,-4.58,10.0,65.0,0,1,-2243.8,,,-0.54,0
Sunflower Oil,Refined,NCDEX,Mumbai,Maharashtra,2024-07-31,89884.0,85389.8,94378.2,250.0,224.71,224.71,Quintal,2024,7,31,2,213,31,3,0,July,Monsoon,0,0,0,0,0,0,8988.399999999994,10.0,0,89971.43,105.0,92320.0,75.0,94000.0,45.0,90781.73,676.67,89884.0,91651.43,183.57,91206.81,776.19,89884.0,92329.41,136.43,92078.03,1221.68,89884.0,94470.59,173.17,-87.43,-0.1,-2436.0,-2.64,-4116.0,-4.38,145.0,175.0,0,1,-2194.03,,,-0.02,0
Sunflower Oil,Refined,NCDEX,Mumbai,Maharashtra,2024-08-01,89891.89,85397.3,94386.48,185.0,166.3,166.3,Quintal,2024,8,1,3,214,31,3,0,August,Monsoon,0,0,0,0,0,0,8989.179999999993,10.0,0,89884.0,250.0,91651.43,350.0,94470.59,170.0,90530.37,624.56,89884.0,91440.0,160.0,91054.19,811.44,89884.0,92329.41,139.64,91925.41,1198.25,89884.0,94326.32,173.67,7.89,0.01,-1759.54,-1.92,-4578.7,-4.85,-65.0,-165.0,0,1,-2033.52,,,-0.25,0
